SEQ_VALUE,MSG_FLAG,WRK_DT,INSERT_DATE,C_PER,S_PER,TFE_PER,MFE_PER,SIO2_PER,LOI_PER,MGO_PER,CAO_PER,P_PER,KLN_NO,MAT_TYPE,AL2O3_PER
4377,N,2021-11-23 00:00:00.000,2021-11-23 13:11:20.533,0,0,0,0,0,17,0,0,0,1,LIME,0
4378,N,2021-11-23 00:00:00.000,2021-11-23 13:11:20.507,0,0,0,0,1.66,10.16,1.84,84.46,0,2,DOLO,0
4379,N,2021-11-23 00:00:00.000,2021-11-23 13:11:20.503,0,0,0,0,0,18,0,0,0,3,LIME,0
4380,N,2021-11-23 00:00:00.000,2021-11-23 13:11:20.440,0,0,0,0,1.71,14.2,2.01,80.15,0,4,LIME,0
4374,N,2021-11-23 00:00:00.000,2021-11-23 12:16:50.500,1.07,0.0046,84.68,78.02,0,0,0,0,0,0,DRI,0
4375,N,2021-11-23 00:00:00.000,2021-11-23 12:16:50.497,1.72,0.0037,84.76,78.28,0,0,0,0,0,0,DRI,0
4376,N,2021-11-23 00:00:00.000,2021-11-23 12:16:50.407,1.87,0.0032,84.81,78.37,0,0,0,0,0,0,DRI,0
4370,N,2021-11-23 00:00:00.000,2021-11-23 06:00:20.143,1.06,0.0043,84.67,78.02,0,0,0,0,0,0,DRI,0
4372,N,2021-11-23 00:00:00.000,2021-11-23 06:00:20.110,1.11,0.0039,84.69,78.1,0,0,0,0,0,0,DRI,0
4371,N,2021-11-23 00:00:00.000,2021-11-23 06:00:20.110,1.18,0.0046,84.76,78.29,0,0,0,0,0,0,DRI,0
4373,N,2021-11-23 00:00:00.000,2021-11-23 06:00:20.080,1.09,0.0045,84.8,78.35,0,0,0,0,0,0,DRI,0
4360,N,2021-11-22 00:00:00.000,2021-11-22 22:08:49.810,1.19,0.0034,84.27,77.72,0,0,0,0,0,0,DRI,0
4361,N,2021-11-22 00:00:00.000,2021-11-22 22:08:49.807,1.09,0.0045,84.5,78.07,0,0,0,0,0,0,DRI,0
4362,N,2021-11-22 00:00:00.000,2021-11-22 22:08:49.793,1.07,0.0041,84.61,77.88,0,0,0,0,0,0,DRI,0
4363,N,2021-11-22 00:00:00.000,2021-11-22 22:08:49.687,1.13,0.0047,84.7,78.11,0,0,0,0,0,0,DRI,0
4359,N,2021-11-22 00:00:00.000,2021-11-22 13:56:49.260,1.18,0.0041,84.62,77.99,0,0,0,0,0,0,DRI,0
4358,N,2021-11-22 00:00:00.000,2021-11-22 12:50:49.187,2.25,0.0042,83.21,75.79,0,0,0,0,0,0,Fur,0
4355,N,2021-11-22 00:00:00.000,2021-11-22 12:50:19.227,1.2,0.0042,84.51,77.83,0,0,0,0,0,0,DRI,0
4356,N,2021-11-22 00:00:00.000,2021-11-22 12:50:19.200,1.29,0.0038,84.6,78.08,0,0,0,0,0,0,DRI,0
4357,N,2021-11-22 00:00:00.000,2021-11-22 12:50:19.187,1.35,0.0035,84.67,78.11,0,0,0,0,0,0,DRI,0
4352,N,2021-11-22 00:00:00.000,2021-11-22 12:45:49.283,0,0,0,0,1.61,5.8,1.92,88.89,0,2,DOLO,0
4353,N,2021-11-22 00:00:00.000,2021-11-22 12:45:49.263,0,0,0,0,1.7,12.2,2.02,82.19,0,3,LIME,0
4354,N,2021-11-22 00:00:00.000,2021-11-22 12:45:49.183,0,0,0,0,1.66,7.1,1.84,87.54,0,4,LIME,0
4348,N,2021-11-22 00:00:00.000,2021-11-22 06:31:48.907,1.18,0.0036,84.46,77.82,0,0,0,0,0,0,DRI,0
4349,N,2021-11-22 00:00:00.000,2021-11-22 06:31:48.890,1.29,0.0039,84.62,78.05,0,0,0,0,0,0,DRI,0
4350,N,2021-11-22 00:00:00.000,2021-11-22 06:31:48.860,1.11,0.0034,84.57,77.89,0,0,0,0,0,0,DRI,0
4351,N,2021-11-22 00:00:00.000,2021-11-22 06:31:48.823,1.16,0.0032,84.6,78.02,0,0,0,0,0,0,DRI,0
4345,N,2021-11-22 00:00:00.000,2021-11-22 06:30:18.920,0,0,0,0,0,5.19,0,0,0,2,DOLO,0
4346,N,2021-11-22 00:00:00.000,2021-11-22 06:30:18.890,0,0,0,0,0,10.22,0,0,0,3,LIME,0
4347,N,2021-11-22 00:00:00.000,2021-11-22 06:30:18.810,0,0,0,0,0,6.46,0,0,0,4,LIME,0
4344,N,2021-11-22 00:00:00.000,2021-11-22 05:49:18.780,1.18,0.0036,84.46,77.82,0,0,0,0,0,0,DRI,0
4340,N,2021-11-22 00:00:00.000,2021-11-22 05:47:18.870,1.18,0.0036,84.46,77.82,0,0,0,0,0,0,DRI,0
4341,N,2021-11-22 00:00:00.000,2021-11-22 05:47:18.863,1.29,0.0039,84.62,78.05,0,0,0,0,0,0,DRI,0
4342,N,2021-11-22 00:00:00.000,2021-11-22 05:47:18.837,1.11,0.0034,84.57,77.89,0,0,0,0,0,0,DRI,0
4343,N,2021-11-22 00:00:00.000,2021-11-22 05:47:18.777,1.16,0.0032,84.6,78.02,0,0,0,0,0,0,DRI,0
4336,N,2021-11-21 00:00:00.000,2021-11-21 21:57:18.407,1.5,0.0046,84.61,77.89,0,0,0,0,0,0,DRI,0
4337,N,2021-11-21 00:00:00.000,2021-11-21 21:57:18.403,1.2,0.0052,84.72,78.1,0,0,0,0,0,0,DRI,0
4338,N,2021-11-21 00:00:00.000,2021-11-21 21:57:18.373,1.16,0.0044,84.43,77.7,0,0,0,0,0,0,DRI,0
4339,N,2021-11-21 00:00:00.000,2021-11-21 21:57:18.307,1.24,0.004,84.63,78.05,0,0,0,0,0,0,DRI,0
4333,N,2021-11-21 00:00:00.000,2021-11-21 21:53:18.407,0,0,0,0,1.59,4.87,1.82,90.1,0,2,DOLO,0
4334,N,2021-11-21 00:00:00.000,2021-11-21 21:53:18.377,0,0,0,0,1.68,11.6,1.97,82.86,0,3,LIME,0
4335,N,2021-11-21 00:00:00.000,2021-11-21 21:53:18.313,0,0,0,0,1.65,7.72,1.72,87.03,0,4,LIME,0
4330,N,2021-11-21 00:00:00.000,2021-11-21 20:55:18.330,0,0,0,0,0,5,0,0,0,2,DOLO,0
4331,N,2021-11-21 00:00:00.000,2021-11-21 20:55:18.310,0,0,0,0,0,10.85,0,0,0,3,LIME,0
4332,N,2021-11-21 00:00:00.000,2021-11-21 20:55:18.230,0,0,0,0,0,6.9,0,0,0,4,LIME,0
4321,N,2021-11-21 00:00:00.000,2021-11-21 05:58:17.463,1.53,0.0043,84.51,77.85,0,0,0,0,0,0,DRI,0
4322,N,2021-11-21 00:00:00.000,2021-11-21 05:58:17.447,1.76,0.004,84.61,78.02,0,0,0,0,0,0,DRI,0
4323,N,2021-11-21 00:00:00.000,2021-11-21 05:58:17.417,1.94,0.0047,84.44,77.75,0,0,0,0,0,0,DRI,0
4324,N,2021-11-21 00:00:00.000,2021-11-21 05:58:17.357,1.86,0.0045,84.7,78.15,0,0,0,0,0,0,DRI,0
4320,N,2021-11-20 00:00:00.000,2021-11-20 21:45:46.877,1.18,0.0039,84.67,78.05,0,0,0,0,0,0,DRI,0
4317,N,2021-11-20 00:00:00.000,2021-11-20 21:24:16.940,1.11,0.0038,84.73,78.27,0,0,0,0,0,0,DRI,0
4318,N,2021-11-20 00:00:00.000,2021-11-20 21:24:16.913,1.08,0.0042,84.81,78.39,0,0,0,0,0,0,DRI,0
4319,N,2021-11-20 00:00:00.000,2021-11-20 21:24:16.843,1.15,0.0035,84.71,78.2,0,0,0,0,0,0,DRI,0
4313,N,2021-11-20 00:00:00.000,2021-11-20 13:53:46.463,1.17,0.0039,84.88,78.2,0,0,0,0,0,0,DRI,0
4314,N,2021-11-20 00:00:00.000,2021-11-20 13:53:46.427,1.22,0.003,84.67,78.14,0,0,0,0,0,0,DRI,0
4315,N,2021-11-20 00:00:00.000,2021-11-20 13:53:46.423,1.1,0.0032,84.65,77.97,0,0,0,0,0,0,DRI,0
4316,N,2021-11-20 00:00:00.000,2021-11-20 13:53:46.400,1.14,0.0035,84.69,78.12,0,0,0,0,0,0,DRI,0
4310,N,2021-11-20 00:00:00.000,2021-11-20 13:51:46.427,0,0,0,0,1.7,5.2,1.73,89.71,0,2,DOLO,0
4311,N,2021-11-20 00:00:00.000,2021-11-20 13:51:46.423,0,0,0,0,1.63,11.2,1.65,83.55,0,3,LIME,0
4312,N,2021-11-20 00:00:00.000,2021-11-20 13:51:46.400,0,0,0,0,1.62,7.16,1.8,87.47,0,4,LIME,0
4300,N,2021-11-20 00:00:00.000,2021-11-20 05:46:45.997,1.24,0.0043,84.92,78.41,0,0,0,0,0,0,DRI,0
4301,N,2021-11-20 00:00:00.000,2021-11-20 05:46:45.990,1.18,0.0049,84.83,78.24,0,0,0,0,0,0,DRI,0
4302,N,2021-11-20 00:00:00.000,2021-11-20 05:46:45.973,1.27,0.0037,84.74,78.1,0,0,0,0,0,0,DRI,0
4303,N,2021-11-20 00:00:00.000,2021-11-20 05:46:45.927,1.2,0.004,84.98,78.5,0,0,0,0,0,0,DRI,0
4293,N,2021-11-19 00:00:00.000,2021-11-19 21:59:45.560,1.25,0.0056,84.7,78.02,0,0,0,0,0,0,DRI,0
4294,N,2021-11-19 00:00:00.000,2021-11-19 21:59:45.540,1.4,0.0061,84.75,78.19,0,0,0,0,0,0,DRI,0
4295,N,2021-11-19 00:00:00.000,2021-11-19 21:59:45.523,1.2,0.0054,84.86,78.39,0,0,0,0,0,0,DRI,0
4296,N,2021-11-19 00:00:00.000,2021-11-19 21:59:45.457,1.17,0.0048,84.62,78.1,0,0,0,0,0,0,DRI,0
4290,N,2021-11-19 00:00:00.000,2021-11-19 21:43:45.530,0,0,0,0,0,6.25,0,0,0,2,DOLO,0
4291,N,2021-11-19 00:00:00.000,2021-11-19 21:43:45.517,0,0,0,0,0,9.86,0,0,0,3,LIME,0
4292,N,2021-11-19 00:00:00.000,2021-11-19 21:43:45.430,0,0,0,0,0,7.9,0,0,0,4,LIME,0
4282,N,2021-11-19 00:00:00.000,2021-11-19 13:55:14.987,1.16,0.0049,84.65,77.89,0,0,0,0,0,0,DRI,0
4280,N,2021-11-19 00:00:00.000,2021-11-19 13:49:44.980,1.52,0.0043,84.79,78.29,0,0,0,0,0,0,DRI,0
4281,N,2021-11-19 00:00:00.000,2021-11-19 13:49:44.960,1.12,0.0052,84.7,78.11,0,0,0,0,0,0,DRI,0
4274,N,2021-11-19 00:00:00.000,2021-11-19 10:32:14.783,1.89,0.0048,84.68,78.07,0,0,0,0,0,0,DRI,0
4270,N,2021-11-19 00:00:00.000,2021-11-19 06:04:44.640,1.73,0.004,84.79,78.15,0,0,0,0,0,0,DRI,0
4271,N,2021-11-19 00:00:00.000,2021-11-19 06:04:44.620,1.91,0.0043,84.87,78.31,0,0,0,0,0,0,DRI,0
4272,N,2021-11-19 00:00:00.000,2021-11-19 06:04:44.590,1.98,0.0049,84.64,77.97,0,0,0,0,0,0,DRI,0
4273,N,2021-11-19 00:00:00.000,2021-11-19 06:04:44.510,1.85,0.0045,84.72,78.21,0,0,0,0,0,0,DRI,0
4266,N,2021-11-18 00:00:00.000,2021-11-18 22:06:14.043,1.36,0.0038,84.7,78.21,0,0,0,0,0,0,DRI,0
4263,N,2021-11-18 00:00:00.000,2021-11-18 21:08:14.077,1.38,0.0041,84.52,77.91,0,0,0,0,0,0,DRI,0
4264,N,2021-11-18 00:00:00.000,2021-11-18 21:08:14.073,1.23,0.0034,84.66,78.1,0,0,0,0,0,0,DRI,0
4265,N,2021-11-18 00:00:00.000,2021-11-18 21:08:13.990,1.55,0.0036,84.77,78.24,0,0,0,0,0,0,DRI,0
4259,N,2021-11-18 00:00:00.000,2021-11-18 21:06:44.077,0,0,0,0,0,10.96,0,0,0,1,LIME,0
4260,N,2021-11-18 00:00:00.000,2021-11-18 21:06:44.070,0,0,0,0,0,4.91,0,0,0,2,DOLO,0
4261,N,2021-11-18 00:00:00.000,2021-11-18 21:06:44.043,0,0,0,0,0,10.12,0,0,0,3,LIME,0
4262,N,2021-11-18 00:00:00.000,2021-11-18 21:06:43.977,0,0,0,0,0,5.86,0,0,0,4,LIME,0
4258,N,2021-11-18 00:00:00.000,2021-11-18 16:30:43.703,2.23,0.0053,83.11,75.63,0,0,0,0,0,0,Fur,0
4254,N,2021-11-18 00:00:00.000,2021-11-18 16:26:13.760,1.37,0.0049,84.61,78.02,0,0,0,0,0,0,DRI,0
4255,N,2021-11-18 00:00:00.000,2021-11-18 16:26:13.757,1.49,0.0053,84.67,78.19,0,0,0,0,0,0,DRI,0
4256,N,2021-11-18 00:00:00.000,2021-11-18 16:26:13.727,1.4,0.0048,84.59,77.85,0,0,0,0,0,0,DRI,0
4257,N,2021-11-18 00:00:00.000,2021-11-18 16:26:13.710,1.51,0.0046,84.62,78.03,0,0,0,0,0,0,DRI,0
4250,N,2021-11-18 00:00:00.000,2021-11-18 16:24:13.817,0,0,0,0,1.55,11.87,26.52,58.51,0,1,LIME,0
4251,N,2021-11-18 00:00:00.000,2021-11-18 16:24:13.813,0,0,0,0,1.59,4.8,1.84,90.12,0,2,DOLO,0
4252,N,2021-11-18 00:00:00.000,2021-11-18 16:24:13.773,0,0,0,0,1.7,9.87,1.92,84.64,0,3,LIME,0
4253,N,2021-11-18 00:00:00.000,2021-11-18 16:24:13.697,0,0,0,0,1.67,5.6,1.72,89.17,0,4,LIME,0
4239,N,2021-11-18 00:00:00.000,2021-11-18 05:56:43.233,1.15,0.0037,84.62,78.09,0,0,0,0,0,0,DRI,0
4240,N,2021-11-18 00:00:00.000,2021-11-18 05:56:43.200,1.4,0.0042,84.77,78.32,0,0,0,0,0,0,DRI,0
4241,N,2021-11-18 00:00:00.000,2021-11-18 05:56:43.190,1.48,0.0035,84.56,77.88,0,0,0,0,0,0,DRI,0
4242,N,2021-11-18 00:00:00.000,2021-11-18 05:56:43.097,1.52,0.0045,84.66,78.1,0,0,0,0,0,0,DRI,0
4235,N,2021-11-18 00:00:00.000,2021-11-18 05:55:13.320,0,0,0,0,0,10.2,0,0,0,1,LIME,0
4236,N,2021-11-18 00:00:00.000,2021-11-18 05:55:13.313,0,0,0,0,0,5,0,0,0,2,DOLO,0
4237,N,2021-11-18 00:00:00.000,2021-11-18 05:55:13.287,0,0,0,0,0,10.1,0,0,0,3,LIME,0
4238,N,2021-11-18 00:00:00.000,2021-11-18 05:55:13.130,0,0,0,0,0,5.3,0,0,0,4,LIME,0
4231,N,2021-11-17 00:00:00.000,2021-11-18 01:31:43.167,1.11,0.003,84.84,78.18,0,0,0,0,0,0,DRI,0
4232,N,2021-11-17 00:00:00.000,2021-11-18 01:31:43.157,1.32,0.0029,84.78,78.1,0,0,0,0,0,0,DRI,0
4233,N,2021-11-17 00:00:00.000,2021-11-18 01:31:43.090,1.14,0.0035,84.81,78.06,0,0,0,0,0,0,DRI,0
4234,N,2021-11-17 00:00:00.000,2021-11-18 01:31:42.907,1.22,0.0041,84.76,78.24,0,0,0,0,0,0,DRI,0
4227,N,2021-11-17 00:00:00.000,2021-11-17 21:52:42.720,0,0,0,0,0,10.72,0,0,0,1,LIME,0
4228,N,2021-11-17 00:00:00.000,2021-11-17 21:52:42.707,0,0,0,0,0,5.1,0,0,0,2,DOLO,0
4229,N,2021-11-17 00:00:00.000,2021-11-17 21:52:42.683,0,0,0,0,0,10.61,0,0,0,3,LIME,0
4230,N,2021-11-17 00:00:00.000,2021-11-17 21:52:42.613,0,0,0,0,0,5.98,0,0,0,4,LIME,0
4226,N,2021-11-17 00:00:00.000,2021-11-17 13:53:42.130,1.15,0.0028,84.92,78.31,0,0,0,0,0,0,DRI,0
4222,N,2021-11-17 00:00:00.000,2021-11-17 13:18:12.203,0,0,0,0,1.59,11.13,26.85,58.78,0,1,LIME,0
4223,N,2021-11-17 00:00:00.000,2021-11-17 13:18:12.200,0,0,0,0,1.63,5.39,1.72,89.49,0,2,DOLO,0
4224,N,2021-11-17 00:00:00.000,2021-11-17 13:18:12.197,0,0,0,0,1.69,10.06,1.81,84.51,0,3,LIME,0
4225,N,2021-11-17 00:00:00.000,2021-11-17 13:18:12.110,0,0,0,0,1.65,5.21,1.88,89.51,0,4,LIME,0
4221,N,2021-11-17 00:00:00.000,2021-11-17 12:51:42.070,1.92,0.0048,83.2,75.78,0,0,0,0,0,0,Fur,0
4220,N,2021-11-17 00:00:00.000,2021-11-17 12:48:42.050,1.26,0.0043,84.81,78.13,0,0,0,0,0,0,DRI,0
4218,N,2021-11-17 00:00:00.000,2021-11-17 12:44:42.113,1.4,0.0038,84.77,78.05,0,0,0,0,0,0,DRI,0
4219,N,2021-11-17 00:00:00.000,2021-11-17 12:44:42.057,1.52,0.0032,84.58,77.95,0,0,0,0,0,0,DRI,0
4214,N,2021-11-17 00:00:00.000,2021-11-17 05:58:41.800,1.45,0.0038,84.54,78.05,0,0,0,0,0,0,DRI,0
4215,N,2021-11-17 00:00:00.000,2021-11-17 05:58:41.783,1.32,0.0034,84.66,78.25,0,0,0,0,0,0,DRI,0
4216,N,2021-11-17 00:00:00.000,2021-11-17 05:58:41.753,1.29,0.0041,84.74,78.11,0,0,0,0,0,0,DRI,0
4217,N,2021-11-17 00:00:00.000,2021-11-17 05:58:41.670,1.25,0.0035,84.65,78.16,0,0,0,0,0,0,DRI,0
4210,N,2021-11-17 00:00:00.000,2021-11-17 05:46:41.713,0,0,0,0,0,11.68,0,0,0,1,LIME,0
4211,N,2021-11-17 00:00:00.000,2021-11-17 05:46:41.710,0,0,0,0,0,5,0,0,0,2,DOLO,0
4212,N,2021-11-17 00:00:00.000,2021-11-17 05:46:41.707,0,0,0,0,0,9.6,0,0,0,3,LIME,0
4213,N,2021-11-17 00:00:00.000,2021-11-17 05:46:41.650,0,0,0,0,0,5.5,0,0,0,4,LIME,0
4206,N,2021-11-16 00:00:00.000,2021-11-16 21:59:41.203,1.28,0.003,84.69,78.04,0,0,0,0,0,0,DRI,0
4203,N,2021-11-16 00:00:00.000,2021-11-16 21:08:11.197,1.2,0.0032,84.63,78.05,0,0,0,0,0,0,DRI,0
4204,N,2021-11-16 00:00:00.000,2021-11-16 21:08:11.177,1.42,0.0035,84.7,78.18,0,0,0,0,0,0,DRI,0
4205,N,2021-11-16 00:00:00.000,2021-11-16 21:08:11.150,1.38,0.0042,84.76,78.08,0,0,0,0,0,0,DRI,0
4199,N,2021-11-16 00:00:00.000,2021-11-16 21:04:41.253,0,0,0,0,0,11.21,0,0,0,1,LIME,0
4200,N,2021-11-16 00:00:00.000,2021-11-16 21:04:41.233,0,0,0,0,0,4.96,0,0,0,2,DOLO,0
4201,N,2021-11-16 00:00:00.000,2021-11-16 21:04:41.217,0,0,0,0,0,10.11,0,0,0,3,LIME,0
4202,N,2021-11-16 00:00:00.000,2021-11-16 21:04:41.157,0,0,0,0,0,6.1,0,0,0,4,LIME,0
4198,N,2021-11-16 00:00:00.000,2021-11-16 14:07:10.723,1.96,0.0052,83.22,75.96,0,0,0,0,0,0,Fur,0
4194,N,2021-11-16 00:00:00.000,2021-11-16 14:05:43.780,1.17,0.0038,84.64,78.02,0,0,0,0,0,0,DRI,0
4195,N,2021-11-16 00:00:00.000,2021-11-16 14:05:43.567,1.88,0.0032,84.79,78.24,0,0,0,0,0,0,DRI,0
4196,N,2021-11-16 00:00:00.000,2021-11-16 14:05:42.733,1.93,0.0028,84.68,77.94,0,0,0,0,0,0,DRI,0
4197,N,2021-11-16 00:00:00.000,2021-11-16 14:05:41.327,1.64,0.0036,84.59,77.91,0,0,0,0,0,0,DRI,0
4190,N,2021-11-16 00:00:00.000,2021-11-16 13:24:10.743,0,0,0,0,1.54,2.18,26.9,57.85,0,1,LIME,0
4191,N,2021-11-16 00:00:00.000,2021-11-16 13:24:10.730,0,0,0,0,1.58,4.7,1.68,90.34,0,2,DOLO,0
4192,N,2021-11-16 00:00:00.000,2021-11-16 13:24:10.703,0,0,0,0,1.67,9.76,1.84,84.88,0,3,LIME,0
4193,N,2021-11-16 00:00:00.000,2021-11-16 13:24:10.677,0,0,0,0,1.62,5.94,1.92,88.74,0,4,LIME,0
4184,N,2021-11-16 00:00:00.000,2021-11-16 05:56:40.297,1.05,0.0037,84.52,77.81,0,0,0,0,0,0,DRI,0
4185,N,2021-11-16 00:00:00.000,2021-11-16 05:56:40.283,1.13,0.0043,84.64,78.01,0,0,0,0,0,0,DRI,0
4186,N,2021-11-16 00:00:00.000,2021-11-16 05:56:40.267,1.08,0.004,84.73,78.17,0,0,0,0,0,0,DRI,0
4187,N,2021-11-16 00:00:00.000,2021-11-16 05:56:40.247,1.14,0.0046,84.83,78.33,0,0,0,0,0,0,DRI,0
4180,N,2021-11-16 00:00:00.000,2021-11-16 05:53:10.300,0,0,0,0,0,11.2,0,0,0,1,LIME,0
4181,N,2021-11-16 00:00:00.000,2021-11-16 05:53:10.293,0,0,0,0,0,5.1,0,0,0,2,DOLO,0
4182,N,2021-11-16 00:00:00.000,2021-11-16 05:53:10.290,0,0,0,0,0,10.15,0,0,0,3,LIME,0
4183,N,2021-11-16 00:00:00.000,2021-11-16 05:53:10.250,0,0,0,0,0,5.3,0,0,0,4,LIME,0
4174,N,2021-11-15 00:00:00.000,2021-11-15 21:57:39.823,1.14,0.0035,84.71,78.25,0,0,0,0,0,0,DRI,0
4175,N,2021-11-15 00:00:00.000,2021-11-15 21:57:39.803,1.12,0.0041,84.77,78.19,0,0,0,0,0,0,DRI,0
4176,N,2021-11-15 00:00:00.000,2021-11-15 21:57:39.787,1.17,0.0038,84.68,78.05,0,0,0,0,0,0,DRI,0
4177,N,2021-11-15 00:00:00.000,2021-11-15 21:57:39.770,1.12,0.0046,84.61,77.95,0,0,0,0,0,0,DRI,0
4170,N,2021-11-15 00:00:00.000,2021-11-15 21:30:39.807,0,0,0,0,0,10.65,0,0,0,1,LIME,0
4171,N,2021-11-15 00:00:00.000,2021-11-15 21:30:39.790,0,0,0,0,0,5.45,0,0,0,2,DOLO,0
4172,N,2021-11-15 00:00:00.000,2021-11-15 21:30:39.763,0,0,0,0,0,10.53,0,0,0,3,LIME,0
4173,N,2021-11-15 00:00:00.000,2021-11-15 21:30:39.750,0,0,0,0,0,5.68,0,0,0,4,LIME,0
4167,N,2021-11-15 00:00:00.000,2021-11-15 14:12:39.333,0,0,0,0,1.7,10.05,2.01,84.33,0,3,LIME,0
4168,N,2021-11-15 00:00:00.000,2021-11-15 14:12:39.317,0,0,0,0,1.65,6.18,1.84,88.51,0,4,LIME,0
4165,N,2021-11-15 00:00:00.000,2021-11-15 14:12:09.337,0,0,0,0,1.58,10.87,27.56,58.44,0,1,LIME,0
4166,N,2021-11-15 00:00:00.000,2021-11-15 14:12:09.313,0,0,0,0,1.63,5.76,1.72,89.1,0,2,DOLO,0
4161,N,2021-11-15 00:00:00.000,2021-11-15 14:02:39.377,1.45,0.0043,84.52,77.94,0,0,0,0,0,0,DRI,0
4162,N,2021-11-15 00:00:00.000,2021-11-15 14:02:39.350,1.56,0.0049,84.65,78.13,0,0,0,0,0,0,DRI,0
4163,N,2021-11-15 00:00:00.000,2021-11-15 14:02:39.330,1.41,0.004,84.72,78.26,0,0,0,0,0,0,DRI,0
4164,N,2021-11-15 00:00:00.000,2021-11-15 14:02:39.307,1.5,0.0045,84.57,78.01,0,0,0,0,0,0,DRI,0
4160,N,2021-11-15 00:00:00.000,2021-11-15 14:00:39.303,1.92,0.0076,83.14,76.06,0,0,0,0,0,0,Fur,0
4154,N,2021-11-15 00:00:00.000,2021-11-15 06:08:08.893,1.9,0.0044,84.57,77.85,0,0,0,0,0,0,DRI,0
4155,N,2021-11-15 00:00:00.000,2021-11-15 06:08:08.860,1.84,0.0041,84.64,78.02,0,0,0,0,0,0,DRI,0
4156,N,2021-11-15 00:00:00.000,2021-11-15 06:08:08.857,1.76,0.0048,84.73,78.17,0,0,0,0,0,0,DRI,0
4157,N,2021-11-15 00:00:00.000,2021-11-15 06:08:08.847,1.64,0.0038,84.82,78.33,0,0,0,0,0,0,DRI,0
4150,N,2021-11-15 00:00:00.000,2021-11-15 05:45:08.940,0,0,0,0,0,11.4,0,0,0,1,LIME,0
4151,N,2021-11-15 00:00:00.000,2021-11-15 05:45:08.933,0,0,0,0,0,5,0,0,0,2,DOLO,0
4152,N,2021-11-15 00:00:00.000,2021-11-15 05:45:08.903,0,0,0,0,0,9.85,0,0,0,3,LIME,0
4153,N,2021-11-15 00:00:00.000,2021-11-15 05:45:08.827,0,0,0,0,0,5.3,0,0,0,4,LIME,0
4144,N,2021-11-14 00:00:00.000,2021-11-14 22:00:08.470,1.62,0.0042,84.6,77.92,0,0,0,0,0,0,DRI,0
4145,N,2021-11-14 00:00:00.000,2021-11-14 22:00:08.453,1.92,0.0046,84.57,77.82,0,0,0,0,0,0,DRI,0
4146,N,2021-11-14 00:00:00.000,2021-11-14 22:00:08.427,2.01,0.0039,84.62,77.78,0,0,0,0,0,0,DRI,0
4147,N,2021-11-14 00:00:00.000,2021-11-14 22:00:08.357,1.96,0.005,84.69,78.05,0,0,0,0,0,0,DRI,0
4140,N,2021-11-14 00:00:00.000,2021-11-14 20:44:38.423,0,0,0,0,0,10.96,0,0,0,1,LIME,0
4141,N,2021-11-14 00:00:00.000,2021-11-14 20:44:38.407,0,0,0,0,0,4.76,0,0,0,2,DOLO,0
4142,N,2021-11-14 00:00:00.000,2021-11-14 20:44:38.380,0,0,0,0,0,10.82,0,0,0,3,LIME,0
4143,N,2021-11-14 00:00:00.000,2021-11-14 20:44:38.290,0,0,0,0,0,5.96,0,0,0,4,LIME,0
4138,N,2021-11-14 00:00:00.000,2021-11-14 14:06:37.887,1.82,0.0072,83.39,76.27,0,0,0,0,0,0,Fur,0
4134,N,2021-11-14 00:00:00.000,2021-11-14 14:05:08.007,1.36,0.0044,84.8,78.18,0,0,0,0,0,0,DRI,0
4135,N,2021-11-14 00:00:00.000,2021-11-14 14:05:07.997,1.47,0.0032,84.77,78.05,0,0,0,0,0,0,DRI,0
4136,N,2021-11-14 00:00:00.000,2021-11-14 14:05:07.970,1.62,0.0038,84.61,77.94,0,0,0,0,0,0,DRI,0
4137,N,2021-11-14 00:00:00.000,2021-11-14 14:05:07.897,1.72,0.0034,84.56,77.83,0,0,0,0,0,0,DRI,0
4130,N,2021-11-14 00:00:00.000,2021-11-14 13:27:37.997,0,0,0,0,1.52,11.78,27.16,58.03,0,1,LIME,0
4131,N,2021-11-14 00:00:00.000,2021-11-14 13:27:37.993,0,0,0,0,1.59,4.9,1.84,90.1,0,2,DOLO,0
4132,N,2021-11-14 00:00:00.000,2021-11-14 13:27:37.990,0,0,0,0,1.68,10.26,1.97,84.2,0,3,LIME,0
4133,N,2021-11-14 00:00:00.000,2021-11-14 13:27:37.870,0,0,0,0,1.63,6.94,1.72,87.89,0,4,LIME,0
4120,N,2021-11-14 00:00:00.000,2021-11-14 05:55:37.520,1.34,0.0046,84.71,78.21,0,0,0,0,0,0,DRI,0
4121,N,2021-11-14 00:00:00.000,2021-11-14 05:55:37.490,1.15,0.0043,84.68,78.14,0,0,0,0,0,0,DRI,0
4122,N,2021-11-14 00:00:00.000,2021-11-14 05:55:37.480,1.18,0.0045,84.73,78.26,0,0,0,0,0,0,DRI,0
4123,N,2021-11-14 00:00:00.000,2021-11-14 05:55:37.417,1.31,0.0052,84.61,77.96,0,0,0,0,0,0,DRI,0
4116,N,2021-11-14 00:00:00.000,2021-11-14 05:29:37.403,0,0,0,0,0,10.41,0,0,0,1,LIME,0
4117,N,2021-11-14 00:00:00.000,2021-11-14 05:29:37.400,0,0,0,0,0,5.26,0,0,0,2,DOLO,0
4118,N,2021-11-14 00:00:00.000,2021-11-14 05:29:37.397,0,0,0,0,0,10.62,0,0,0,3,LIME,0
4119,N,2021-11-14 00:00:00.000,2021-11-14 05:29:37.387,0,0,0,0,0,6.31,0,0,0,4,LIME,0
4112,N,2021-11-13 00:00:00.000,2021-11-13 22:01:07.037,1.44,0.0049,84.61,78.1,0,0,0,0,0,0,DRI,0
4113,N,2021-11-13 00:00:00.000,2021-11-13 22:01:07.023,1.23,0.0042,84.76,78.34,0,0,0,0,0,0,DRI,0
4114,N,2021-11-13 00:00:00.000,2021-11-13 22:01:06.997,1.3,0.0045,84.58,78.02,0,0,0,0,0,0,DRI,0
4115,N,2021-11-13 00:00:00.000,2021-11-13 22:01:06.930,1.39,0.005,84.65,78.18,0,0,0,0,0,0,DRI,0
4108,N,2021-11-13 00:00:00.000,2021-11-13 21:11:37.000,0,0,0,0,0,10.87,0,0,0,1,LIME,0
4109,N,2021-11-13 00:00:00.000,2021-11-13 21:11:36.993,0,0,0,0,0,5.1,0,0,0,2,DOLO,0
4110,N,2021-11-13 00:00:00.000,2021-11-13 21:11:36.967,0,0,0,0,0,11.78,0,0,0,3,LIME,0
4111,N,2021-11-13 00:00:00.000,2021-11-13 21:11:36.890,0,0,0,0,0,6.88,0,0,0,4,LIME,0
4107,N,2021-11-13 00:00:00.000,2021-11-13 16:02:36.587,1.66,0.0043,84.74,78.13,0,0,0,0,0,0,DRI,0
4103,N,2021-11-13 00:00:00.000,2021-11-13 14:24:36.513,0,0,0,0,1.56,10.48,27.95,58.48,0,1,LIME,0
4104,N,2021-11-13 00:00:00.000,2021-11-13 14:24:36.500,0,0,0,0,1.62,5.34,1.92,89.35,0,2,DOLO,0
4105,N,2021-11-13 00:00:00.000,2021-11-13 14:24:36.493,0,0,0,0,1.72,11.28,1.84,83.25,0,3,LIME,0
4106,N,2021-11-13 00:00:00.000,2021-11-13 14:24:36.483,0,0,0,0,1.66,6.48,1.68,88.33,0,4,LIME,0
4099,N,2021-11-12 00:00:00.000,2021-11-13 14:22:06.577,0,0,0,0,1.5,11.36,27.65,57.96,0,1,LIME,0
4100,N,2021-11-12 00:00:00.000,2021-11-13 14:22:06.563,0,0,0,0,1.65,5.12,1.62,90.02,0,2,DOLO,0
4101,N,2021-11-12 00:00:00.000,2021-11-13 14:22:06.533,0,0,0,0,1.7,13.9,2.01,80.46,0,3,LIME,0
4102,N,2021-11-12 00:00:00.000,2021-11-13 14:22:06.483,0,0,0,0,1.64,6.64,1.76,88.2,0,4,LIME,0
4095,N,2021-11-13 00:00:00.000,2021-11-13 13:53:36.553,1.5,0.0049,84.55,77.81,0,0,0,0,0,0,DRI,0
4096,N,2021-11-13 00:00:00.000,2021-11-13 13:53:36.543,1.66,0.0043,84.74,78.13,0,0,0,0,0,0,DRI,0
4097,N,2021-11-13 00:00:00.000,2021-11-13 13:53:36.517,1.45,0.0052,84.64,77.92,0,0,0,0,0,0,DRI,0
4098,N,2021-11-13 00:00:00.000,2021-11-13 13:53:36.460,1.53,0.0045,84.78,78.22,0,0,0,0,0,0,DRI,0
4091,N,2021-11-13 00:00:00.000,2021-11-13 06:01:36.113,1.44,0.0048,84.52,77.84,0,0,0,0,0,0,DRI,0
4092,N,2021-11-13 00:00:00.000,2021-11-13 06:01:36.097,1.52,0.0043,84.63,78.02,0,0,0,0,0,0,DRI,0
4093,N,2021-11-13 00:00:00.000,2021-11-13 06:01:36.067,1.48,0.005,84.71,78.16,0,0,0,0,0,0,DRI,0
4094,N,2021-11-13 00:00:00.000,2021-11-13 06:01:35.990,1.54,0.0045,84.65,78.01,0,0,0,0,0,0,DRI,0
4087,N,2021-11-13 00:00:00.000,2021-11-13 05:41:06.050,0,0,0,0,0,11.2,0,0,0,1,LIME,0
4088,N,2021-11-13 00:00:00.000,2021-11-13 05:41:06.003,0,0,0,0,0,5.65,0,0,0,2,DOLO,0
4089,N,2021-11-13 00:00:00.000,2021-11-13 05:41:06.000,0,0,0,0,0,11.85,0,0,0,3,LIME,0
4090,N,2021-11-13 00:00:00.000,2021-11-13 05:41:05.983,0,0,0,0,0,5.92,0,0,0,4,LIME,0
4083,N,2021-11-12 00:00:00.000,2021-11-12 21:59:05.580,1.21,0.0056,84.77,78.02,0,0,0,0,0,0,DRI,0
4084,N,2021-11-12 00:00:00.000,2021-11-12 21:59:05.540,1.28,0.0038,84.85,78.15,0,0,0,0,0,0,DRI,0
4085,N,2021-11-12 00:00:00.000,2021-11-12 21:59:05.537,1.19,0.0032,84.68,77.95,0,0,0,0,0,0,DRI,0
4086,N,2021-11-12 00:00:00.000,2021-11-12 21:59:05.523,1.35,0.0052,84.86,78.18,0,0,0,0,0,0,DRI,0
4080,N,2021-11-12 00:00:00.000,2021-11-12 21:32:05.600,0,0,0,0,0,10.82,0,0,0,1,LIME,0
4081,N,2021-11-12 00:00:00.000,2021-11-12 21:32:05.570,0,0,0,0,0,12.64,0,0,0,3,LIME,0
4082,N,2021-11-12 00:00:00.000,2021-11-12 21:32:05.497,0,0,0,0,0,6.37,0,0,0,4,LIME,0
4067,N,2021-11-12 00:00:00.000,2021-11-12 13:52:05.100,1.39,0.0047,84.61,78.07,0,0,0,0,0,0,DRI,0
4068,N,2021-11-12 00:00:00.000,2021-11-12 13:52:05.093,1.32,0.0043,84.7,78.23,0,0,0,0,0,0,DRI,0
4069,N,2021-11-12 00:00:00.000,2021-11-12 13:52:05.063,1.43,0.0052,84.53,77.87,0,0,0,0,0,0,DRI,0
4070,N,2021-11-12 00:00:00.000,2021-11-12 13:52:05.040,1.25,0.0045,84.65,77.95,0,0,0,0,0,0,DRI,0
4066,N,2021-11-12 00:00:00.000,2021-11-12 13:49:35.040,1.68,0.0068,83.25,75.97,0,0,0,0,0,0,Fur,0
4065,N,2021-11-12 00:00:00.000,2021-11-12 05:53:34.587,1.34,0.0042,84.45,77.91,0,0,0,0,0,0,DRI,0
4062,N,2021-11-12 00:00:00.000,2021-11-12 05:17:34.577,1.34,0.0035,84.5,77.93,0,0,0,0,0,0,DRI,0
4063,N,2021-11-12 00:00:00.000,2021-11-12 05:17:34.560,1.4,0.0045,84.59,78.06,0,0,0,0,0,0,DRI,0
4064,N,2021-11-12 00:00:00.000,2021-11-12 05:17:34.530,1.36,0.005,84.48,77.85,0,0,0,0,0,0,DRI,0
4058,N,2021-11-12 00:00:00.000,2021-11-12 05:15:34.623,0,0,0,0,0,10.15,0,0,0,1,LIME,0
4059,N,2021-11-12 00:00:00.000,2021-11-12 05:15:34.620,0,0,0,0,0,4.91,0,0,0,2,DOLO,0
4060,N,2021-11-12 00:00:00.000,2021-11-12 05:15:34.577,0,0,0,0,0,10.62,0,0,0,3,LIME,0
4061,N,2021-11-12 00:00:00.000,2021-11-12 05:15:34.530,0,0,0,0,0,6.21,0,0,0,4,LIME,0
4054,N,2021-11-11 00:00:00.000,2021-11-11 22:06:04.150,1.45,0.0042,84.42,77.86,0,0,0,0,0,0,DRI,0
4055,N,2021-11-11 00:00:00.000,2021-11-11 22:06:04.140,1.4,0.0052,84.53,77.91,0,0,0,0,0,0,DRI,0
4056,N,2021-11-11 00:00:00.000,2021-11-11 22:06:04.130,1.37,0.0044,84.59,78.07,0,0,0,0,0,0,DRI,0
4057,N,2021-11-11 00:00:00.000,2021-11-11 22:06:04.113,1.52,0.0037,84.51,77.86,0,0,0,0,0,0,DRI,0
4050,N,2021-11-11 00:00:00.000,2021-11-11 21:42:04.207,0,0,0,0,0,9.54,0,0,0,1,LIME,0
4051,N,2021-11-11 00:00:00.000,2021-11-11 21:42:04.200,0,0,0,0,0,4.52,0,0,0,2,DOLO,0
4052,N,2021-11-11 00:00:00.000,2021-11-11 21:42:04.170,0,0,0,0,0,1.15,0,0,0,3,LIME,0
4053,N,2021-11-11 00:00:00.000,2021-11-11 21:42:04.097,0,0,0,0,0,7.13,0,0,0,4,LIME,0
4041,N,2021-11-11 00:00:00.000,2021-11-11 14:10:03.747,0,0,0,0,1.56,10.26,28.37,58.24,0,1,LIME,0
4042,N,2021-11-11 00:00:00.000,2021-11-11 14:10:03.730,0,0,0,0,1.61,4.82,1.72,90.22,0,2,DOLO,0
4043,N,2021-11-11 00:00:00.000,2021-11-11 14:10:03.723,0,0,0,0,1.74,12.1,1.92,82.34,0,3,LIME,0
4044,N,2021-11-11 00:00:00.000,2021-11-11 14:10:03.660,0,0,0,0,1.67,6.8,1.84,87.88,0,4,LIME,0
4037,N,2021-11-11 00:00:00.000,2021-11-11 13:49:33.700,1.59,0.0043,84.39,77.84,0,0,0,0,0,0,DRI,0
4038,N,2021-11-11 00:00:00.000,2021-11-11 13:49:33.683,1.72,0.0049,84.48,77.96,0,0,0,0,0,0,DRI,0
4039,N,2021-11-11 00:00:00.000,2021-11-11 13:49:33.680,1.87,0.004,84.31,77.72,0,0,0,0,0,0,DRI,0
4040,N,2021-11-11 00:00:00.000,2021-11-11 13:49:33.617,1.79,0.0045,84.26,77.62,0,0,0,0,0,0,DRI,0
4036,N,2021-11-11 00:00:00.000,2021-11-11 13:23:03.597,1.56,0.0072,83.19,75.89,0,0,0,0,0,0,Fur,0
4035,N,2021-11-11 00:00:00.000,2021-11-11 05:58:03.157,1.2,0.0056,84.26,77.66,0,0,0,0,0,0,DRI,0
4032,N,2021-11-11 00:00:00.000,2021-11-11 05:37:33.200,1.11,0.0049,84.48,77.86,0,0,0,0,0,0,DRI,0
4033,N,2021-11-11 00:00:00.000,2021-11-11 05:37:33.170,1.08,0.0042,84.41,77.9,0,0,0,0,0,0,DRI,0
4034,N,2021-11-11 00:00:00.000,2021-11-11 05:37:33.157,1.14,0.0052,84.35,77.7,0,0,0,0,0,0,DRI,0
4028,N,2021-11-11 00:00:00.000,2021-11-11 05:35:03.233,0,0,0,0,0,10.58,0,0,0,1,LIME,0
4029,N,2021-11-11 00:00:00.000,2021-11-11 05:35:03.207,0,0,0,0,0,5.36,0,0,0,2,DOLO,0
4030,N,2021-11-11 00:00:00.000,2021-11-11 05:35:03.197,0,0,0,0,0,11.21,0,0,0,3,LIME,0
4031,N,2021-11-11 00:00:00.000,2021-11-11 05:35:03.147,0,0,0,0,0,6.1,0,0,0,4,LIME,0
4025,N,2021-11-10 00:00:00.000,2021-11-10 22:06:02.703,1.15,0.0064,84.54,78.11,0,0,0,0,0,0,DRI,0
4026,N,2021-11-10 00:00:00.000,2021-11-10 22:06:02.700,1.21,0.0038,84.44,77.86,0,0,0,0,0,0,DRI,0
4027,N,2021-11-10 00:00:00.000,2021-11-10 22:06:02.693,1.13,0.0057,84.4,77.74,0,0,0,0,0,0,DRI,0
4024,N,2021-11-10 00:00:00.000,2021-11-10 22:05:32.690,1.19,0.0047,84.47,77.85,0,0,0,0,0,0,DRI,0
4020,N,2021-11-10 00:00:00.000,2021-11-10 21:47:02.740,0,0,0,0,0,11.64,0,0,0,1,LIME,0
4021,N,2021-11-10 00:00:00.000,2021-11-10 21:47:02.733,0,0,0,0,0,4.83,0,0,0,2,DOLO,0
4022,N,2021-11-10 00:00:00.000,2021-11-10 21:47:02.707,0,0,0,0,0,13.57,0,0,0,3,LIME,0
4023,N,2021-11-10 00:00:00.000,2021-11-10 21:47:02.690,0,0,0,0,0,6.27,0,0,0,4,LIME,0
4012,N,2021-11-10 00:00:00.000,2021-11-10 14:03:35.767,1.13,0.0061,84.08,77.44,0,0,0,0,0,0,DRI,0
4013,N,2021-11-10 00:00:00.000,2021-11-10 14:03:35.577,1.26,0.0064,84.19,77.64,0,0,0,0,0,0,DRI,0
4014,N,2021-11-10 00:00:00.000,2021-11-10 14:03:35.360,1.31,0.0058,84.32,77.86,0,0,0,0,0,0,DRI,0
4015,N,2021-11-10 00:00:00.000,2021-11-10 14:03:32.307,1.25,0.0062,84.43,78.05,0,0,0,0,0,0,DRI,0
4008,N,2021-11-10 00:00:00.000,2021-11-10 13:55:32.250,0,0,0,0,1.53,11.05,27.16,58.7,0,1,LIME,0
4009,N,2021-11-10 00:00:00.000,2021-11-10 13:55:32.243,0,0,0,0,1.62,5.25,1.81,89.53,0,2,DOLO,0
4010,N,2021-11-10 00:00:00.000,2021-11-10 13:55:32.240,0,0,0,0,1.72,10.04,1.96,84.51,0,3,LIME,0
4011,N,2021-11-10 00:00:00.000,2021-11-10 13:55:32.237,0,0,0,0,1.61,6.53,1.9,88.12,0,4,LIME,0
3992,N,2021-11-09 00:00:00.000,2021-11-10 10:43:04.703,0,0,0,0,0,9.48,0,0,0,1,LIME,0
3993,N,2021-11-09 00:00:00.000,2021-11-10 10:43:04.693,0,0,0,0,0,4.92,0,0,0,2,DOLO,0
3994,N,2021-11-09 00:00:00.000,2021-11-10 10:43:04.690,0,0,0,0,0,11.13,0,0,0,3,LIME,0
3995,N,2021-11-09 00:00:00.000,2021-11-10 10:43:04.687,0,0,0,0,0,5.85,0,0,0,4,LIME,0
3996,N,2021-11-09 00:00:00.000,2021-11-10 10:43:04.683,1.2,0.0052,84.51,77.91,0,0,0,0,0,0,DRI,0
3997,N,2021-11-09 00:00:00.000,2021-11-10 10:43:04.677,1.09,0.0036,84.59,78.04,0,0,0,0,0,0,DRI,0
3999,N,2021-11-09 00:00:00.000,2021-11-10 10:43:04.670,1.16,0.0065,84.4,77.91,0,0,0,0,0,0,DRI,0
3998,N,2021-11-09 00:00:00.000,2021-11-10 10:43:04.670,1.39,0.0042,84.47,77.85,0,0,0,0,0,0,DRI,0
4000,N,2021-11-10 00:00:00.000,2021-11-10 10:43:04.663,0,0,0,0,0,9.61,0,0,0,1,LIME,0
4001,N,2021-11-10 00:00:00.000,2021-11-10 10:43:04.660,0,0,0,0,0,5.1,0,0,0,2,DOLO,0
4003,N,2021-11-10 00:00:00.000,2021-11-10 10:43:04.630,0,0,0,0,0,5.48,0,0,0,4,LIME,0
4002,N,2021-11-10 00:00:00.000,2021-11-10 10:43:04.630,0,0,0,0,0,10.68,0,0,0,3,LIME,0
4004,N,2021-11-10 00:00:00.000,2021-11-10 10:43:04.623,1.14,0.0053,84.3,77.77,0,0,0,0,0,0,DRI,0
4005,N,2021-11-10 00:00:00.000,2021-11-10 10:43:04.603,1.12,0.0049,84.48,77.86,0,0,0,0,0,0,DRI,0
4006,N,2021-11-10 00:00:00.000,2021-11-10 10:43:04.577,1.16,0.0052,84.38,77.9,0,0,0,0,0,0,DRI,0
4007,N,2021-11-10 00:00:00.000,2021-11-10 10:43:04.567,1.07,0.0055,84.32,77.79,0,0,0,0,0,0,DRI,0
3991,N,2021-11-09 00:00:00.000,2021-11-09 14:08:32.060,1.09,0.0056,84.41,77.88,0,0,0,0,0,0,DRI,0
3990,N,2021-11-09 00:00:00.000,2021-11-09 13:55:02.197,1.45,0.0087,83.24,75.82,0,0,0,0,0,0,Fur,0
3986,N,2021-11-09 00:00:00.000,2021-11-09 13:54:02.567,1.09,0.0056,84.41,77.88,0,0,0,0,0,0,DRI,0
3987,N,2021-11-09 00:00:00.000,2021-11-09 13:54:02.410,1.07,0.0061,84.26,77.67,0,0,0,0,0,0,DRI,0
3988,N,2021-11-09 00:00:00.000,2021-11-09 13:54:02.290,1.1,0.0063,84.35,77.86,0,0,0,0,0,0,DRI,0
3989,N,2021-11-09 00:00:00.000,2021-11-09 13:54:02.177,1.06,0.0058,84.41,78.02,0,0,0,0,0,0,DRI,0
3983,N,2021-11-09 00:00:00.000,2021-11-09 13:46:32.053,0,0,0,0,1.67,5.86,1.84,88.84,0,2,DOLO,0
3982,N,2021-11-09 00:00:00.000,2021-11-09 13:46:32.053,0,0,0,0,1.5,11.28,27.1,58.56,0,1,LIME,0
3984,N,2021-11-09 00:00:00.000,2021-11-09 13:46:32.050,0,0,0,0,1.73,12.3,2.01,82.03,0,3,LIME,0
3985,N,2021-11-09 00:00:00.000,2021-11-09 13:46:32.047,0,0,0,0,1.64,5.4,1.92,89.27,0,4,LIME,0
3978,N,2021-11-05 00:00:00.000,2021-11-09 12:45:32.030,0,0,0,0,1.87,9.38,2.1,84.73,0,1,LIME,0
3979,N,2021-11-05 00:00:00.000,2021-11-09 12:45:32.007,0,0,0,0,1.59,5.66,29.92,61.3,0,2,DOLO,0
3980,N,2021-11-05 00:00:00.000,2021-11-09 12:45:31.983,0,0,0,0,0,12.78,0,0,0,3,LIME,0
3981,N,2021-11-05 00:00:00.000,2021-11-09 12:45:31.977,0,0,0,0,0,8.6,0,0,0,4,LIME,0
3977,N,2021-11-09 00:00:00.000,2021-11-09 05:58:02.763,1.12,0.005,84.32,77.68,0,0,0,0,0,0,DRI,0
3974,N,2021-11-09 00:00:00.000,2021-11-09 05:55:32.310,1.14,0.0043,84.21,77.57,0,0,0,0,0,0,DRI,0
3975,N,2021-11-09 00:00:00.000,2021-11-09 05:55:32.297,1.17,0.0036,84.18,77.53,0,0,0,0,0,0,DRI,0
3976,N,2021-11-09 00:00:00.000,2021-11-09 05:55:32.277,1.21,0.0042,84.29,77.72,0,0,0,0,0,0,DRI,0
3970,N,2021-11-09 00:00:00.000,2021-11-09 05:20:32.497,0,0,0,0,0,10.51,0,0,0,1,LIME,0
3971,N,2021-11-09 00:00:00.000,2021-11-09 05:20:32.413,0,0,0,0,0,5.31,0,0,0,2,DOLO,0
3972,N,2021-11-09 00:00:00.000,2021-11-09 05:20:32.220,0,0,0,0,0,9.89,0,0,0,3,LIME,0
3973,N,2021-11-09 00:00:00.000,2021-11-09 05:20:32.173,0,0,0,0,0,5.96,0,0,0,4,LIME,0
3964,N,2021-11-08 00:00:00.000,2021-11-08 22:07:31.593,1.07,0.0043,84.3,77.66,0,0,0,0,0,0,DRI,0
3965,N,2021-11-08 00:00:00.000,2021-11-08 22:07:31.570,1.03,0.0052,84.25,77.54,0,0,0,0,0,0,DRI,0
3966,N,2021-11-08 00:00:00.000,2021-11-08 22:07:31.183,1.34,0.0036,84.36,77.74,0,0,0,0,0,0,DRI,0
3967,N,2021-11-08 00:00:00.000,2021-11-08 22:07:31.157,1.18,0.0048,84.32,77.64,0,0,0,0,0,0,DRI,0
3960,N,2021-11-08 00:00:00.000,2021-11-08 21:10:31.840,0,0,0,0,0,10.26,0,0,0,1,LIME,0
3961,N,2021-11-08 00:00:00.000,2021-11-08 21:10:31.717,0,0,0,0,0,5.13,0,0,0,2,DOLO,0
3962,N,2021-11-08 00:00:00.000,2021-11-08 21:10:31.090,0,0,0,0,0,10.16,0,0,0,3,LIME,0
3963,N,2021-11-08 00:00:00.000,2021-11-08 21:10:31.057,0,0,0,0,0,6.36,0,0,0,4,LIME,0
3950,N,2021-11-08 00:00:00.000,2021-11-08 14:09:30.690,1.1,0.0036,84.01,77.18,0,0,0,0,0,0,DRI,0
3951,N,2021-11-08 00:00:00.000,2021-11-08 14:09:30.667,1.01,0.0042,84.1,77.38,0,0,0,0,0,0,DRI,0
3952,N,2021-11-08 00:00:00.000,2021-11-08 14:09:30.663,0.97,0.0058,84.21,77.62,0,0,0,0,0,0,DRI,0
3953,N,2021-11-08 00:00:00.000,2021-11-08 14:09:30.653,0.91,0.0064,84.06,77.41,0,0,0,0,0,0,DRI,0
3946,N,2021-11-08 00:00:00.000,2021-11-08 13:47:00.810,0,0,0,0,1.57,11.9,26.78,58.21,0,1,LIME,0
3947,N,2021-11-08 00:00:00.000,2021-11-08 13:47:00.780,0,0,0,0,1.61,4.95,1.72,90.12,0,2,DOLO,0
3948,N,2021-11-08 00:00:00.000,2021-11-08 13:47:00.743,0,0,0,0,1.7,9.32,1.97,85.11,0,3,LIME,0
3949,N,2021-11-08 00:00:00.000,2021-11-08 13:47:00.680,0,0,0,0,1.67,5.9,1.82,88.8,0,4,LIME,0
3942,N,2021-11-08 00:00:00.000,2021-11-08 06:02:30.210,0.52,0.0031,83.44,75.06,0,0,0,0,0,0,DRI,0
3943,N,2021-11-08 00:00:00.000,2021-11-08 06:02:30.203,1.82,0.0041,83.72,75.78,0,0,0,0,0,0,DRI,0
3944,N,2021-11-08 00:00:00.000,2021-11-08 06:02:30.177,1.87,0.0045,83.65,76.05,0,0,0,0,0,0,DRI,0
3945,N,2021-11-08 00:00:00.000,2021-11-08 06:02:30.153,1.14,0.0039,83.84,76.64,0,0,0,0,0,0,DRI,0
3938,N,2021-11-08 00:00:00.000,2021-11-08 05:44:00.200,0,0,0,0,0,10.12,0,0,0,1,LIME,0
3939,N,2021-11-08 00:00:00.000,2021-11-08 05:44:00.163,0,0,0,0,0,5.41,0,0,0,2,DOLO,0
3940,N,2021-11-08 00:00:00.000,2021-11-08 05:44:00.160,0,0,0,0,0,12.45,0,0,0,3,LIME,0
3941,N,2021-11-08 00:00:00.000,2021-11-08 05:44:00.150,0,0,0,0,0,6.93,0,0,0,4,LIME,0
3934,N,2021-11-07 00:00:00.000,2021-11-07 22:18:59.743,1.04,0.0039,84.05,77.34,0,0,0,0,0,0,DRI,0
3935,N,2021-11-07 00:00:00.000,2021-11-07 22:18:59.727,0.97,0.0045,84.02,77.23,0,0,0,0,0,0,DRI,0
3936,N,2021-11-07 00:00:00.000,2021-11-07 22:18:59.700,0.73,0.0056,83.94,76.93,0,0,0,0,0,0,DRI,0
3937,N,2021-11-07 00:00:00.000,2021-11-07 22:18:59.697,0.49,0.0034,83.48,75.02,0,0,0,0,0,0,DRI,0
3930,N,2021-11-07 00:00:00.000,2021-11-07 22:16:59.730,0,0,0,0,0,10.82,0,0,0,1,LIME,0
3931,N,2021-11-07 00:00:00.000,2021-11-07 22:16:59.703,0,0,0,0,0,5.29,0,0,0,2,DOLO,0
3932,N,2021-11-07 00:00:00.000,2021-11-07 22:16:59.700,0,0,0,0,0,13.58,0,0,0,3,LIME,0
3933,N,2021-11-07 00:00:00.000,2021-11-07 22:16:59.697,0,0,0,0,0,7.91,0,0,0,4,LIME,0
3924,N,2021-11-07 00:00:00.000,2021-11-07 13:52:59.273,0,0,0,0,1.53,10.65,27.82,58.33,0,1,LIME,0
3925,N,2021-11-07 00:00:00.000,2021-11-07 13:52:59.267,0,0,0,0,1.65,5.01,1.92,89.65,0,2,DOLO,0
3926,N,2021-11-07 00:00:00.000,2021-11-07 13:52:59.237,0,0,0,0,1.74,8.59,1.88,85.89,0,3,LIME,0
3927,N,2021-11-07 00:00:00.000,2021-11-07 13:52:59.210,0,0,0,0,1.76,7.63,1.86,86.88,0,4,LIME,0
3920,N,2021-11-07 00:00:00.000,2021-11-07 06:23:28.837,0,0,0,0,0,8.48,0,0,0,1,LIME,0
3921,N,2021-11-07 00:00:00.000,2021-11-07 06:23:28.820,0,0,0,0,0,5.21,0,0,0,2,DOLO,0
3922,N,2021-11-07 00:00:00.000,2021-11-07 06:23:28.790,0,0,0,0,0,10.32,0,0,0,3,LIME,0
3923,N,2021-11-07 00:00:00.000,2021-11-07 06:23:28.770,0,0,0,0,0,5.52,0,0,0,4,LIME,0
3908,N,2021-11-06 00:00:00.000,2021-11-06 21:30:58.320,0,0,0,0,1.48,9.52,28.34,59.1,0,1,LIME,0
3909,N,2021-11-06 00:00:00.000,2021-11-06 21:30:58.293,0,0,0,0,1.68,4.83,1.82,90.1,0,2,DOLO,0
3910,N,2021-11-06 00:00:00.000,2021-11-06 21:30:58.277,0,0,0,0,1.76,11.78,1.92,82.64,0,3,LIME,0
3911,N,2021-11-06 00:00:00.000,2021-11-06 21:30:58.250,0,0,0,0,1.72,5.8,2.02,88.62,0,4,LIME,0
3904,N,2021-11-06 00:00:00.000,2021-11-06 21:22:28.310,0,0,0,0,0,8.65,0,0,0,1,LIME,0
3905,N,2021-11-06 00:00:00.000,2021-11-06 21:22:28.300,0,0,0,0,0,5,0,0,0,2,DOLO,0
3906,N,2021-11-06 00:00:00.000,2021-11-06 21:22:28.270,0,0,0,0,0,10.5,0,0,0,3,LIME,0
3907,N,2021-11-06 00:00:00.000,2021-11-06 21:22:28.237,0,0,0,0,0,5.3,0,0,0,4,LIME,0
3901,N,2021-11-06 00:00:00.000,2021-11-06 13:36:27.823,1.56,0.0037,84.38,77.76,0,0,0,0,0,0,DRI,0
3902,N,2021-11-06 00:00:00.000,2021-11-06 13:36:27.813,1.49,0.0035,84.24,77.54,0,0,0,0,0,0,DRI,0
3903,N,2021-11-06 00:00:00.000,2021-11-06 13:36:27.800,1.25,0.004,84.08,77.36,0,0,0,0,0,0,DRI,0
3900,N,2021-11-06 00:00:00.000,2021-11-06 13:34:57.760,2.16,0.007,83.08,75.41,0,0,0,0,0,0,Fur,0
3894,N,2021-11-06 00:00:00.000,2021-11-06 06:09:27.453,1.18,0.0048,84.15,77.47,0,0,0,0,0,0,DRI,0
3895,N,2021-11-06 00:00:00.000,2021-11-06 06:09:27.393,1.39,0.0035,84.25,77.65,0,0,0,0,0,0,DRI,0
3896,N,2021-11-06 00:00:00.000,2021-11-06 06:09:27.350,1.57,0.003,84.14,77.47,0,0,0,0,0,0,DRI,0
3897,N,2021-11-06 00:00:00.000,2021-11-06 06:09:27.327,1.93,0.0026,84.28,77.72,0,0,0,0,0,0,DRI,0
3890,N,2021-11-06 00:00:00.000,2021-11-06 06:06:57.383,0,0,0,0,0,11.13,0,0,0,1,LIME,0
3891,N,2021-11-06 00:00:00.000,2021-11-06 06:06:57.367,0,0,0,0,0,5.34,0,0,0,2,DOLO,0
3892,N,2021-11-06 00:00:00.000,2021-11-06 06:06:57.340,0,0,0,0,0,14.36,0,0,0,3,LIME,0
3893,N,2021-11-06 00:00:00.000,2021-11-06 06:06:57.317,0,0,0,0,0,6.37,0,0,0,4,LIME,0
3884,N,2021-11-05 00:00:00.000,2021-11-05 21:59:26.913,1.05,0.0043,84.31,77.72,0,0,0,0,0,0,DRI,0
3885,N,2021-11-05 00:00:00.000,2021-11-05 21:59:26.903,1.12,0.0049,84.26,77.61,0,0,0,0,0,0,DRI,0
3886,N,2021-11-05 00:00:00.000,2021-11-05 21:59:26.873,1.03,0.0045,84.09,77.39,0,0,0,0,0,0,DRI,0
3887,N,2021-11-05 00:00:00.000,2021-11-05 21:59:26.847,1.1,0.0041,84.19,77.56,0,0,0,0,0,0,DRI,0
3883,N,2021-11-05 00:00:00.000,2021-11-05 16:11:56.503,1.05,0.0043,84.31,77.72,0,0,0,0,0,0,DRI,0
3879,N,2021-11-04 00:00:00.000,2021-11-05 14:22:56.450,0,0,0,0,1.87,9.38,2.1,84.73,0,1,LIME,0
3880,N,2021-11-04 00:00:00.000,2021-11-05 14:22:56.427,0,0,0,0,1.59,5.66,29.92,61.3,0,2,DOLO,0
3881,N,2021-11-04 00:00:00.000,2021-11-05 14:22:56.400,0,0,0,0,0,12.78,0,0,0,3,LIME,0
3882,N,2021-11-04 00:00:00.000,2021-11-05 14:22:56.387,0,0,0,0,0,8.6,0,0,0,4,LIME,0
3878,N,2021-11-05 00:00:00.000,2021-11-05 13:59:56.370,1.26,0.0075,83.26,75.52,0,0,0,0,0,0,Fur,0
3874,N,2021-11-05 00:00:00.000,2021-11-05 13:59:26.430,1.22,0.0052,84.25,77.67,0,0,0,0,0,0,DRI,0
3875,N,2021-11-05 00:00:00.000,2021-11-05 13:59:26.420,1.13,0.0048,84.11,77.46,0,0,0,0,0,0,DRI,0
3876,N,2021-11-05 00:00:00.000,2021-11-05 13:59:26.380,1.08,0.0045,84.22,77.69,0,0,0,0,0,0,DRI,0
3877,N,2021-11-05 00:00:00.000,2021-11-05 13:59:26.373,1.15,0.0042,84.14,77.53,0,0,0,0,0,0,DRI,0
3870,N,2021-11-05 00:00:00.000,2021-11-05 13:33:26.397,0,0,0,0,1.52,12.89,24.85,58.86,0,1,LIME,0
3871,N,2021-11-05 00:00:00.000,2021-11-05 13:33:26.393,0,0,0,0,1.72,5.38,2.39,88.7,0,2,DOLO,0
3872,N,2021-11-05 00:00:00.000,2021-11-05 13:33:26.390,0,0,0,0,1.89,15.68,2,78.49,0,3,LIME,0
3873,N,2021-11-05 00:00:00.000,2021-11-05 13:33:26.340,0,0,0,0,1.79,6.4,1.92,88.07,0,4,LIME,0
3864,N,2021-11-05 00:00:00.000,2021-11-05 06:10:55.913,0,0,0,0,0,10.76,3.67,81.58,0,1,LIME,0
3865,N,2021-11-05 00:00:00.000,2021-11-05 06:10:55.910,0,0,0,0,0,5.13,10.25,82.1,0,2,DOLO,0
3866,N,2021-11-05 00:00:00.000,2021-11-05 06:10:55.907,0,0,0,0,0,13.72,0,0,0,3,LIME,0
3867,N,2021-11-05 00:00:00.000,2021-11-05 06:10:55.903,0,0,0,0,0,8.94,0,0,0,4,LIME,0
3860,N,2021-11-05 00:00:00.000,2021-11-05 06:04:25.970,1.22,0.0049,84.18,77.53,0,0,0,0,0,0,DRI,0
3861,N,2021-11-05 00:00:00.000,2021-11-05 06:04:25.950,1.16,0.0054,84.02,77.32,0,0,0,0,0,0,DRI,0
3862,N,2021-11-05 00:00:00.000,2021-11-05 06:04:25.930,1.1,0.0043,84.1,77.52,0,0,0,0,0,0,DRI,0
3863,N,2021-11-05 00:00:00.000,2021-11-05 06:04:25.907,1.04,0.0062,84.15,77.45,0,0,0,0,0,0,DRI,0
3853,N,2021-11-04 00:00:00.000,2021-11-04 22:13:25.490,1.19,0.0048,84.37,77.85,0,0,0,0,0,0,DRI,0
3854,N,2021-11-04 00:00:00.000,2021-11-04 22:13:25.477,1.16,0.0036,84.31,77.7,0,0,0,0,0,0,DRI,0
3855,N,2021-11-04 00:00:00.000,2021-11-04 22:13:25.450,1.23,0.0045,84.2,77.56,0,0,0,0,0,0,DRI,0
3856,N,2021-11-04 00:00:00.000,2021-11-04 22:13:25.437,1.27,0.0053,84.13,77.43,0,0,0,0,0,0,DRI,0
3849,N,2021-11-04 00:00:00.000,2021-11-04 21:50:55.493,1.15,0.0043,84.24,77.59,0,0,0,0,0,0,DRI,0
3850,N,2021-11-04 00:00:00.000,2021-11-04 21:50:55.477,1.23,0.004,84.09,77.42,0,0,0,0,0,0,DRI,0
3851,N,2021-11-04 00:00:00.000,2021-11-04 21:50:55.447,1.1,0.0047,84.36,77.77,0,0,0,0,0,0,DRI,0
3852,N,2021-11-04 00:00:00.000,2021-11-04 21:50:55.410,1.17,0.0042,84.31,77.61,0,0,0,0,0,0,DRI,0
3848,N,2021-11-04 00:00:00.000,2021-11-04 13:54:24.950,1.21,0.0048,84.15,77.46,0,0,0,0,0,0,DRI,0
3847,N,2021-11-04 00:00:00.000,2021-11-04 13:45:24.937,1.61,0.0064,83.18,75.35,0,0,0,0,0,0,Fur,0
3844,N,2021-11-04 00:00:00.000,2021-11-04 13:44:25.010,1.22,0.0049,84.28,77.65,0,0,0,0,0,0,DRI,0
3845,N,2021-11-04 00:00:00.000,2021-11-04 13:44:25.007,1.24,0.0052,84.21,77.71,0,0,0,0,0,0,DRI,0
3846,N,2021-11-04 00:00:00.000,2021-11-04 13:44:24.940,1.17,0.005,84.19,77.54,0,0,0,0,0,0,DRI,0
3840,N,2021-11-04 00:00:00.000,2021-11-04 13:42:25.017,0,0,0,0,1.9,8.9,1.97,85.32,0,1,LIME,0
3841,N,2021-11-04 00:00:00.000,2021-11-04 13:42:25.007,0,0,0,0,1.52,4.8,30.26,61.85,0,2,DOLO,0
3842,N,2021-11-04 00:00:00.000,2021-11-04 13:42:24.980,0,0,0,0,1.85,14.9,2.04,79.25,0,3,LIME,0
3843,N,2021-11-04 00:00:00.000,2021-11-04 13:42:24.940,0,0,0,0,1.87,9.1,2,85.14,0,4,LIME,0
3830,N,2021-11-04 00:00:00.000,2021-11-04 05:48:24.533,0,0,0,0,0,8.47,0,0,0,1,LIME,0
3831,N,2021-11-04 00:00:00.000,2021-11-04 05:48:24.517,0,0,0,0,0,5.14,0,0,0,2,DOLO,0
3832,N,2021-11-04 00:00:00.000,2021-11-04 05:48:24.493,0,0,0,0,0,15.58,0,0,0,3,LIME,0
3833,N,2021-11-04 00:00:00.000,2021-11-04 05:48:24.470,0,0,0,0,0,8.19,0,0,0,4,LIME,0
3822,N,2021-11-03 00:00:00.000,2021-11-03 21:55:24.037,1.12,0.0046,84.36,77.89,0,0,0,0,0,0,DRI,0
3823,N,2021-11-03 00:00:00.000,2021-11-03 21:55:24.007,1.15,0.004,84.45,78.1,0,0,0,0,0,0,DRI,0
3824,N,2021-11-03 00:00:00.000,2021-11-03 21:55:24.003,1.2,0.0037,84.28,77.78,0,0,0,0,0,0,DRI,0
3825,N,2021-11-03 00:00:00.000,2021-11-03 21:55:24.000,1.13,0.0042,84.37,78,0,0,0,0,0,0,DRI,0
3818,N,2021-11-03 00:00:00.000,2021-11-03 21:52:24.070,0,0,0,0,0,8.3,0,0,0,1,LIME,0
3819,N,2021-11-03 00:00:00.000,2021-11-03 21:52:24.063,0,0,0,0,0,5.2,0,0,0,2,DOLO,0
3820,N,2021-11-03 00:00:00.000,2021-11-03 21:52:24.033,0,0,0,0,0,12.9,0,0,0,3,LIME,0
3821,N,2021-11-03 00:00:00.000,2021-11-03 21:52:23.990,0,0,0,0,0,7.85,0,0,0,4,LIME,0
3817,N,2021-11-03 00:00:00.000,2021-11-03 13:56:23.527,1.17,0.0051,84.29,77.76,0,0,0,0,0,0,DRI,0
3816,N,2021-11-03 00:00:00.000,2021-11-03 13:54:23.520,1.17,0.0051,84.29,77.76,0,0,0,0,0,0,DRI,0
3815,N,2021-11-03 00:00:00.000,2021-11-03 13:21:53.497,1.56,0.0061,83.21,75.41,0,0,0,0,0,0,Fur,0
3812,N,2021-11-03 00:00:00.000,2021-11-03 13:20:53.530,1.18,0.0052,84.37,77.86,0,0,0,0,0,0,DRI,0
3813,N,2021-11-03 00:00:00.000,2021-11-03 13:20:53.517,1.16,0.0048,84.41,78.01,0,0,0,0,0,0,DRI,0
3814,N,2021-11-03 00:00:00.000,2021-11-03 13:20:53.497,1.14,0.0045,84.51,78.15,0,0,0,0,0,0,DRI,0
3808,N,2021-11-03 00:00:00.000,2021-11-03 13:17:53.553,0,0,0,0,1.86,7.81,2.03,86.5,0,1,LIME,0
3809,N,2021-11-03 00:00:00.000,2021-11-03 13:17:53.527,0,0,0,0,1.55,5.45,30.06,61.36,0,2,DOLO,0
3810,N,2021-11-03 00:00:00.000,2021-11-03 13:17:53.517,0,0,0,0,1.87,14.53,1.95,79.83,0,3,LIME,0
3811,N,2021-11-03 00:00:00.000,2021-11-03 13:17:53.497,0,0,0,0,1.89,8.36,1.86,86.06,0,4,LIME,0
3804,N,2021-11-03 00:00:00.000,2021-11-03 06:10:53.150,1.29,0.0038,84.35,77.8,0,0,0,0,0,0,DRI,0
3805,N,2021-11-03 00:00:00.000,2021-11-03 06:10:53.143,1.23,0.0047,84.42,77.76,0,0,0,0,0,0,DRI,0
3806,N,2021-11-03 00:00:00.000,2021-11-03 06:10:53.113,1.17,0.0054,84.46,77.96,0,0,0,0,0,0,DRI,0
3807,N,2021-11-03 00:00:00.000,2021-11-03 06:10:53.077,1.27,0.0058,84.38,77.79,0,0,0,0,0,0,DRI,0
3800,N,2021-11-03 00:00:00.000,2021-11-03 06:08:23.107,0,0,0,0,0,6.78,0,0,0,1,LIME,0
3801,N,2021-11-03 00:00:00.000,2021-11-03 06:08:23.077,0,0,0,0,0,5.13,0,0,0,2,DOLO,0
3802,N,2021-11-03 00:00:00.000,2021-11-03 06:08:23.073,0,0,0,0,0,1.89,0,0,0,3,LIME,0
3803,N,2021-11-03 00:00:00.000,2021-11-03 06:08:23.070,0,0,0,0,0,8.02,0,0,0,4,LIME,0
3793,N,2021-11-02 00:00:00.000,2021-11-02 22:03:52.650,1.2,0.0038,84.24,77.69,0,0,0,0,0,0,DRI,0
3794,N,2021-11-02 00:00:00.000,2021-11-02 22:03:52.643,1.35,0.0044,84.34,77.9,0,0,0,0,0,0,DRI,0
3795,N,2021-11-02 00:00:00.000,2021-11-02 22:03:52.627,1.15,0.004,84.42,78.05,0,0,0,0,0,0,DRI,0
3796,N,2021-11-02 00:00:00.000,2021-11-02 22:03:52.600,1.18,0.0035,84.27,77.76,0,0,0,0,0,0,DRI,0
3790,N,2021-11-02 00:00:00.000,2021-11-02 21:38:52.593,0,0,0,0,0,7.15,0,0,0,1,LIME,0
3791,N,2021-11-02 00:00:00.000,2021-11-02 21:38:52.583,0,0,0,0,0,5.2,0,0,0,2,DOLO,0
3792,N,2021-11-02 00:00:00.000,2021-11-02 21:38:52.563,0,0,0,0,0,14.3,0,0,0,3,LIME,0
3788,N,2021-11-02 00:00:00.000,2021-11-02 13:57:22.117,1.41,0.0043,84.12,77.5,0,0,0,0,0,0,DRI,0
3787,N,2021-11-02 00:00:00.000,2021-11-02 13:14:52.083,1.63,0.0065,83.15,75.01,0,0,0,0,0,0,Fur,0
3784,N,2021-11-02 00:00:00.000,2021-11-02 13:12:52.130,1.44,0.0052,84.31,77.78,0,0,0,0,0,0,DRI,0
3785,N,2021-11-02 00:00:00.000,2021-11-02 13:12:52.110,1.55,0.0049,84.19,77.52,0,0,0,0,0,0,DRI,0
3786,N,2021-11-02 00:00:00.000,2021-11-02 13:12:52.087,1.32,0.0038,84.15,77.61,0,0,0,0,0,0,DRI,0
3780,N,2021-11-02 00:00:00.000,2021-11-02 13:10:52.147,0,0,0,0,1.84,7.46,2.01,86.8,0,1,LIME,0
3781,N,2021-11-02 00:00:00.000,2021-11-02 13:10:52.133,0,0,0,0,1.58,5.9,29.8,61.15,0,2,DOLO,0
3782,N,2021-11-02 00:00:00.000,2021-11-02 13:10:52.110,0,0,0,0,1.89,15.2,1.97,78.98,0,3,LIME,0
3783,N,2021-11-02 00:00:00.000,2021-11-02 13:10:52.087,0,0,0,0,1.87,8.12,1.84,86.23,0,4,LIME,0
3774,N,2021-11-02 00:00:00.000,2021-11-02 06:12:51.720,1.18,0.0039,84.13,77.44,0,0,0,0,0,0,DRI,0
3775,N,2021-11-02 00:00:00.000,2021-11-02 06:12:51.687,1.29,0.0052,84.32,77.79,0,0,0,0,0,0,DRI,0
3776,N,2021-11-02 00:00:00.000,2021-11-02 06:12:51.673,1.36,0.0047,84.26,77.63,0,0,0,0,0,0,DRI,0
3777,N,2021-11-02 00:00:00.000,2021-11-02 06:12:51.670,1.53,0.0058,84.38,77.89,0,0,0,0,0,0,DRI,0
3770,N,2021-11-02 00:00:00.000,2021-11-02 05:51:51.673,0,0,0,0,0,7.72,0,0,0,1,LIME,0
3771,N,2021-11-02 00:00:00.000,2021-11-02 05:51:51.663,0,0,0,0,0,4.94,0,0,0,2,DOLO,0
3772,N,2021-11-02 00:00:00.000,2021-11-02 05:51:51.657,0,0,0,0,0,13.75,0,0,0,3,LIME,0
3773,N,2021-11-02 00:00:00.000,2021-11-02 05:51:51.630,0,0,0,0,0,7.14,0,0,0,4,LIME,0
3757,N,2021-11-01 00:00:00.000,2021-11-01 22:02:21.210,1.12,0.0043,84.2,77.66,0,0,0,0,0,0,DRI,0
3758,N,2021-11-01 00:00:00.000,2021-11-01 22:02:21.177,1.23,0.0048,84.27,77.86,0,0,0,0,0,0,DRI,0
3759,N,2021-11-01 00:00:00.000,2021-11-01 22:02:21.173,1.19,0.004,84.14,77.54,0,0,0,0,0,0,DRI,0
3760,N,2021-11-01 00:00:00.000,2021-11-01 22:02:21.170,1.24,0.0045,84.2,77.67,0,0,0,0,0,0,DRI,0
3753,N,2021-11-01 00:00:00.000,2021-11-01 21:24:51.193,0,0,0,0,0,7.85,0,0,0,1,LIME,0
3754,N,2021-11-01 00:00:00.000,2021-11-01 21:24:51.180,0,0,0,0,0,5.1,0,0,0,2,DOLO,0
3755,N,2021-11-01 00:00:00.000,2021-11-01 21:24:51.157,0,0,0,0,0,14.9,0,0,0,3,LIME,0
3756,N,2021-11-01 00:00:00.000,2021-11-01 21:24:51.140,0,0,0,0,0,6.9,0,0,0,4,LIME,0
3752,N,2021-11-01 00:00:00.000,2021-11-01 15:54:20.813,1.22,0.0062,84.28,77.73,0,0,0,0,0,0,DRI,0
3751,N,2021-11-01 00:00:00.000,2021-11-01 13:59:20.700,1.24,0.0052,84.27,77.61,0,0,0,0,0,0,DRI,0
3747,N,2021-11-01 00:00:00.000,2021-11-01 13:57:20.723,0,0,0,0,1.78,7.18,1.72,87.41,0,1,LIME,0
3749,N,2021-11-01 00:00:00.000,2021-11-01 13:57:20.690,0,0,0,0,1.8,14.28,1.82,80.16,0,3,LIME,0
3748,N,2021-11-01 00:00:00.000,2021-11-01 13:57:20.690,0,0,0,0,1.52,5.52,30.4,61.03,0,2,DOLO,0
3750,N,2021-11-01 00:00:00.000,2021-11-01 13:57:20.687,0,0,0,0,1.75,7.58,1.68,87.11,0,4,LIME,0
3740,N,2021-11-01 00:00:00.000,2021-11-01 13:55:50.767,1.19,0.0046,84.21,77.59,0,0,0,0,0,0,DRI,0
3741,N,2021-11-01 00:00:00.000,2021-11-01 13:55:50.763,1.22,0.0062,84.28,77.73,0,0,0,0,0,0,DRI,0
3742,N,2021-11-01 00:00:00.000,2021-11-01 13:55:50.760,1.18,0.0049,84.32,77.86,0,0,0,0,0,0,DRI,0
3743,N,2021-10-31 00:00:00.000,2021-11-01 13:55:50.757,0,0,0,0,0,0,0,0,0,1,LIME,0
3744,N,2021-10-31 00:00:00.000,2021-11-01 13:55:50.743,0,0,0,0,0,5.5,0,0,0,2,DOLO,0
3745,N,2021-10-31 00:00:00.000,2021-11-01 13:55:50.717,0,0,0,0,0,14.5,0,0,0,3,LIME,0
3746,N,2021-10-31 00:00:00.000,2021-11-01 13:55:50.690,0,0,0,0,0,6.6,0,0,0,4,LIME,0
3734,N,2021-11-01 00:00:00.000,2021-11-01 06:09:50.297,1.17,0.0034,84.15,77.53,0,0,0,0,0,0,DRI,0
3735,N,2021-11-01 00:00:00.000,2021-11-01 06:09:50.283,1.13,0.0049,84.18,77.63,0,0,0,0,0,0,DRI,0
3736,N,2021-11-01 00:00:00.000,2021-11-01 06:09:50.253,1.19,0.0058,84.25,77.56,0,0,0,0,0,0,DRI,0
3737,N,2021-11-01 00:00:00.000,2021-11-01 06:09:50.240,1.26,0.0054,84.13,77.48,0,0,0,0,0,0,DRI,0
3730,N,2021-11-01 00:00:00.000,2021-11-01 06:06:20.343,0,0,0,0,0,6.73,0,0,0,1,LIME,0
3731,N,2021-11-01 00:00:00.000,2021-11-01 06:06:20.320,0,0,0,0,0,5.14,0,0,0,2,DOLO,0
3732,N,2021-11-01 00:00:00.000,2021-11-01 06:06:20.280,0,0,0,0,0,13.91,0,0,0,3,LIME,0
3733,N,2021-11-01 00:00:00.000,2021-11-01 06:06:20.240,0,0,0,0,0,6.32,0,0,0,4,LIME,0
3723,N,2021-10-31 00:00:00.000,2021-10-31 21:54:49.810,1.2,0.0046,84.24,77.82,0,0,0,0,0,0,DRI,0
3724,N,2021-10-31 00:00:00.000,2021-10-31 21:54:49.793,1.11,0.0044,84.14,77.58,0,0,0,0,0,0,DRI,0
3725,N,2021-10-31 00:00:00.000,2021-10-31 21:54:49.773,1.16,0.004,84.22,77.75,0,0,0,0,0,0,DRI,0
3726,N,2021-10-31 00:00:00.000,2021-10-31 21:54:49.747,1.12,0.0038,84.1,77.46,0,0,0,0,0,0,DRI,0
3719,N,2021-10-31 00:00:00.000,2021-10-31 21:33:19.807,0,0,0,0,0,6.88,0,0,0,1,LIME,0
3720,N,2021-10-31 00:00:00.000,2021-10-31 21:33:19.783,0,0,0,0,0,5.3,0,0,0,2,DOLO,0
3721,N,2021-10-31 00:00:00.000,2021-10-31 21:33:19.760,0,0,0,0,0,12.04,0,0,0,3,LIME,0
3722,N,2021-10-31 00:00:00.000,2021-10-31 21:33:19.730,0,0,0,0,0,6.4,0,0,0,4,LIME,0
3718,N,2021-10-31 00:00:00.000,2021-10-31 13:53:19.277,1.19,0.0039,84.15,77.61,0,0,0,0,0,0,DRI,0
3717,N,2021-10-31 00:00:00.000,2021-10-31 13:51:19.273,1.59,0.0061,83.14,75.18,0,0,0,0,0,0,Fur,0
3714,N,2021-10-31 00:00:00.000,2021-10-31 13:50:49.340,1.48,0.005,83.91,77.41,0,0,0,0,0,0,DRI,0
3715,N,2021-10-31 00:00:00.000,2021-10-31 13:50:49.310,1.21,0.0048,84.05,77.61,0,0,0,0,0,0,DRI,0
3716,N,2021-10-31 00:00:00.000,2021-10-31 13:50:49.277,1.24,0.0045,84.21,77.81,0,0,0,0,0,0,DRI,0
3710,N,2021-10-31 00:00:00.000,2021-10-31 13:39:49.300,0,0,0,0,1.81,7.8,1.92,86.58,0,1,LIME,0
3711,N,2021-10-31 00:00:00.000,2021-10-31 13:39:49.263,0,0,0,0,1.58,6.65,29.9,60.3,0,2,DOLO,0
3712,N,2021-10-31 00:00:00.000,2021-10-31 13:39:49.260,0,0,0,0,1.79,14.86,1.72,79.69,0,3,LIME,0
3713,N,2021-10-31 00:00:00.000,2021-10-31 13:39:49.253,0,0,0,0,1.75,7.12,1.82,87.39,0,4,LIME,0
3701,N,2021-10-31 00:00:00.000,2021-10-31 06:07:18.900,1.25,0.0043,83.92,77.31,0,0,0,0,0,0,DRI,0
3700,N,2021-10-31 00:00:00.000,2021-10-31 06:07:18.900,1.47,0.005,83.7,77.2,0,0,0,0,0,0,DRI,0
3702,N,2021-10-31 00:00:00.000,2021-10-31 06:07:18.897,1.17,0.0047,83.78,77.35,0,0,0,0,0,0,DRI,0
3703,N,2021-10-31 00:00:00.000,2021-10-31 06:07:18.833,1.22,0.0049,83.85,77.28,0,0,0,0,0,0,DRI,0
3687,N,2021-10-30 00:00:00.000,2021-10-30 22:02:48.423,1.5,0.0037,84.03,77.64,0,0,0,0,0,0,DRI,0
3688,N,2021-10-30 00:00:00.000,2021-10-30 22:02:48.407,1.38,0.0045,84.12,77.57,0,0,0,0,0,0,DRI,0
3689,N,2021-10-30 00:00:00.000,2021-10-30 22:02:48.383,1.6,0.005,83.9,77.47,0,0,0,0,0,0,DRI,0
3690,N,2021-10-30 00:00:00.000,2021-10-30 22:02:48.357,1.56,0.0048,83.85,77.3,0,0,0,0,0,0,DRI,0
3684,N,2021-10-30 00:00:00.000,2021-10-30 21:59:48.383,0,0,0,0,0,5.5,0,0,0,2,DOLO,0
3685,N,2021-10-30 00:00:00.000,2021-10-30 21:59:48.380,0,0,0,0,0,14.5,0,0,0,3,LIME,0
3686,N,2021-10-30 00:00:00.000,2021-10-30 21:59:48.350,0,0,0,0,0,6.6,0,0,0,4,LIME,0
3683,N,2021-10-30 00:00:00.000,2021-10-30 21:16:18.313,1.65,0.0049,92.28,0,0,0,0,0,0,0,DRI,0
3682,N,2021-10-30 00:00:00.000,2021-10-30 13:52:47.860,83.89,77.41,92.28,0,0,0,0,0,0,0,DRI,0
3681,N,2021-10-30 00:00:00.000,2021-10-30 13:36:47.840,1.62,0.0066,83.1,74.96,0,0,0,0,0,0,Fur,0
3678,N,2021-10-30 00:00:00.000,2021-10-30 13:27:47.877,1.31,0.0045,83.91,77.35,0,0,0,0,0,0,DRI,0
3679,N,2021-10-30 00:00:00.000,2021-10-30 13:27:47.847,1.38,0.005,83.78,77.08,0,0,0,0,0,0,DRI,0
3680,N,2021-10-30 00:00:00.000,2021-10-30 13:27:47.837,1.4,0.0048,83.84,77.39,0,0,0,0,0,0,DRI,0
3674,N,2021-10-30 00:00:00.000,2021-10-30 13:25:47.893,0,0,0,0,1.76,7.32,1.72,87.29,0,1,LIME,0
3675,N,2021-10-30 00:00:00.000,2021-10-30 13:25:47.863,0,0,0,0,1.62,6.12,30.1,60.65,0,2,DOLO,0
3676,N,2021-10-30 00:00:00.000,2021-10-30 13:25:47.860,0,0,0,0,1.82,15.3,1.97,78.93,0,3,LIME,0
3677,N,2021-10-30 00:00:00.000,2021-10-30 13:25:47.840,0,0,0,0,1.8,7.9,1.68,86.72,0,4,LIME,0
3670,N,2021-10-30 00:00:00.000,2021-10-30 05:47:17.750,0,0,0,0,0,6.18,0,0,0,1,LIME,0
3671,N,2021-10-30 00:00:00.000,2021-10-30 05:47:17.727,0,0,0,0,0,5.14,0,0,0,2,DOLO,0
3672,N,2021-10-30 00:00:00.000,2021-10-30 05:47:17.717,0,0,0,0,0,14.27,0,0,0,3,LIME,0
3673,N,2021-10-30 00:00:00.000,2021-10-30 05:47:17.693,0,0,0,0,0,7.73,0,0,0,4,LIME,0
3664,N,2021-10-29 00:00:00.000,2021-10-29 22:01:46.963,1.12,0.0037,83.9,77.4,0,0,0,0,0,0,DRI,0
3665,N,2021-10-29 00:00:00.000,2021-10-29 22:01:46.943,1.2,0.004,84.05,77.64,0,0,0,0,0,0,DRI,0
3666,N,2021-10-29 00:00:00.000,2021-10-29 22:01:46.920,1.15,0.0036,83.75,77.15,0,0,0,0,0,0,DRI,0
3667,N,2021-10-29 00:00:00.000,2021-10-29 22:01:46.907,1.23,0.0038,83.84,77.31,0,0,0,0,0,0,DRI,0
3660,N,2021-10-29 00:00:00.000,2021-10-29 20:52:46.870,0,0,0,0,0,6.35,0,0,0,1,LIME,0
3661,N,2021-10-29 00:00:00.000,2021-10-29 20:52:46.867,0,0,0,0,0,5.35,0,0,0,2,DOLO,0
3662,N,2021-10-29 00:00:00.000,2021-10-29 20:52:46.863,0,0,0,0,0,13.65,0,0,0,3,LIME,0
3663,N,2021-10-29 00:00:00.000,2021-10-29 20:52:46.860,0,0,0,0,0,7.85,0,0,0,4,LIME,0
3652,N,2021-10-29 00:00:00.000,2021-10-29 13:43:46.433,1.16,0.0041,83.79,77.2,0,0,0,0,0,0,DRI,0
3650,N,2021-10-29 00:00:00.000,2021-10-29 13:19:16.713,1.03,0.0039,83.89,77.33,0,0,0,0,0,0,DRI,0
3649,N,2021-10-29 00:00:00.000,2021-10-29 13:19:16.713,1.25,0.0045,83.63,77.16,0,0,0,0,0,0,DRI,0
3651,N,2021-10-29 00:00:00.000,2021-10-29 13:19:16.710,1.1,0.0035,83.96,77.48,0,0,0,0,0,0,DRI,0
3648,N,2021-10-29 00:00:00.000,2021-10-29 13:17:16.403,1.59,0.0064,83.05,75.1,0,0,0,0,0,0,Fur,0
3644,N,2021-10-29 00:00:00.000,2021-10-29 12:47:16.447,0,0,0,0,0,6.93,0,0,0,1,LIME,0
3645,N,2021-10-29 00:00:00.000,2021-10-29 12:47:16.420,0,0,0,0,0,5.25,0,0,0,2,DOLO,0
3646,N,2021-10-29 00:00:00.000,2021-10-29 12:47:16.410,0,0,0,0,0,11.12,0,0,0,3,LIME,0
3647,N,2021-10-29 00:00:00.000,2021-10-29 12:47:16.383,0,0,0,0,0,6.43,0,0,0,4,LIME,0
3640,N,2021-10-29 00:00:00.000,2021-10-29 12:46:16.430,0,0,0,0,1.72,6.12,1.88,88.38,0,1,LIME,0
3641,N,2021-10-29 00:00:00.000,2021-10-29 12:46:16.427,0,0,0,0,1.59,5.02,30.46,61.38,0,2,DOLO,0
3642,N,2021-10-29 00:00:00.000,2021-10-29 12:46:16.380,0,0,0,0,1.78,13.15,1.84,81.22,0,3,LIME,0
3643,N,2021-10-29 00:00:00.000,2021-10-29 12:46:16.377,0,0,0,0,1.76,7.14,1.84,87.31,0,4,LIME,0
3630,N,2021-10-29 00:00:00.000,2021-10-29 06:07:46.067,1.5,0.0037,83.91,77.42,0,0,0,0,0,0,DRI,0
3631,N,2021-10-29 00:00:00.000,2021-10-29 06:07:46.050,1.35,0.0043,83.76,77.22,0,0,0,0,0,0,DRI,0
3632,N,2021-10-29 00:00:00.000,2021-10-29 06:07:46.027,1.41,0.004,83.82,77.3,0,0,0,0,0,0,DRI,0
3633,N,2021-10-29 00:00:00.000,2021-10-29 06:07:46.000,1.32,0.0038,83.87,77.25,0,0,0,0,0,0,DRI,0
3622,N,2021-10-28 00:00:00.000,2021-10-28 21:52:45.560,1.15,0.0042,83.85,77.37,0,0,0,0,0,0,DRI,0
3623,N,2021-10-28 00:00:00.000,2021-10-28 21:52:45.547,1.32,0.0051,83.95,77.52,0,0,0,0,0,0,DRI,0
3624,N,2021-10-28 00:00:00.000,2021-10-28 21:52:45.520,1.48,0.0048,83.79,77.31,0,0,0,0,0,0,DRI,0
3625,N,2021-10-28 00:00:00.000,2021-10-28 21:52:45.500,1.34,0.0039,83.84,77.29,0,0,0,0,0,0,DRI,0
3618,N,2021-10-28 00:00:00.000,2021-10-28 20:50:45.473,0,0,0,0,0,0.85,0,0,0,1,LIME,0
3619,N,2021-10-28 00:00:00.000,2021-10-28 20:50:45.443,0,0,0,0,0,5.1,0,0,0,2,DOLO,0
3620,N,2021-10-28 00:00:00.000,2021-10-28 20:50:45.440,0,0,0,0,0,12.35,0,0,0,3,LIME,0
3621,N,2021-10-28 00:00:00.000,2021-10-28 20:50:45.433,0,0,0,0,0,6.94,0,0,0,4,LIME,0
3617,N,2021-10-28 00:00:00.000,2021-10-28 14:59:45.103,1.22,0.0038,83.85,77.31,0,0,0,0,0,0,DRI,0
3616,N,2021-10-28 00:00:00.000,2021-10-28 14:07:15.047,1.72,0.0067,83.19,75.15,0,0,0,0,0,0,Fur,0
3612,N,2021-10-28 00:00:00.000,2021-10-28 14:06:15.100,1.29,0.0047,83.79,77.18,0,0,0,0,0,0,DRI,0
3613,N,2021-10-28 00:00:00.000,2021-10-28 14:06:15.073,1.27,0.0051,83.96,77.45,0,0,0,0,0,0,DRI,0
3614,N,2021-10-28 00:00:00.000,2021-10-28 14:06:15.063,1.22,0.0038,83.85,77.31,0,0,0,0,0,0,DRI,0
3615,N,2021-10-28 00:00:00.000,2021-10-28 14:06:15.043,1.28,0.0054,83.91,77.22,0,0,0,0,0,0,DRI,0
3609,N,2021-10-28 00:00:00.000,2021-10-28 13:10:45.063,0,0,0,0,1.54,5.52,30.32,61.1,0,2,DOLO,0
3608,N,2021-10-28 00:00:00.000,2021-10-28 13:10:45.063,0,0,0,0,1.76,7.24,1.84,87.25,0,1,LIME,0
3610,N,2021-10-28 00:00:00.000,2021-10-28 13:10:45.020,0,0,0,0,1.8,11.82,1.92,82.54,0,3,LIME,0
3611,N,2021-10-28 00:00:00.000,2021-10-28 13:10:44.997,0,0,0,0,1.74,6.52,1.72,88.15,0,4,LIME,0
3604,N,2021-10-28 00:00:00.000,2021-10-28 06:00:14.660,1.3,0.0052,83.74,77.15,0,0,0,0,0,0,DRI,0
3605,N,2021-10-28 00:00:00.000,2021-10-28 06:00:14.643,1.21,0.0045,83.83,77.33,0,0,0,0,0,0,DRI,0
3606,N,2021-10-28 00:00:00.000,2021-10-28 06:00:14.617,1.26,0.0048,84.02,77.6,0,0,0,0,0,0,DRI,0
3607,N,2021-10-28 00:00:00.000,2021-10-28 06:00:14.577,1.21,0.0042,83.85,77.32,0,0,0,0,0,0,DRI,0
3600,N,2021-10-28 00:00:00.000,2021-10-28 05:33:44.623,0,0,0,0,0,8.06,0,0,0,1,LIME,0
3601,N,2021-10-28 00:00:00.000,2021-10-28 05:33:44.617,0,0,0,0,0,5,0,0,0,2,DOLO,0
3602,N,2021-10-28 00:00:00.000,2021-10-28 05:33:44.590,0,0,0,0,0,11.2,0,0,0,3,LIME,0
3603,N,2021-10-28 00:00:00.000,2021-10-28 05:33:44.547,0,0,0,0,0,5.9,0,0,0,4,LIME,0
3591,N,2021-10-27 00:00:00.000,2021-10-27 21:53:44.190,1.18,0.0038,83.9,77.41,0,0,0,0,0,0,DRI,0
3592,N,2021-10-27 00:00:00.000,2021-10-27 21:53:44.170,1.22,0.004,83.88,77.32,0,0,0,0,0,0,DRI,0
3593,N,2021-10-27 00:00:00.000,2021-10-27 21:53:44.143,1.37,0.0051,83.86,77.24,0,0,0,0,0,0,DRI,0
3594,N,2021-10-27 00:00:00.000,2021-10-27 21:53:44.097,1.26,0.0048,83.94,77.36,0,0,0,0,0,0,DRI,0
3587,N,2021-10-27 00:00:00.000,2021-10-27 21:13:44.113,0,0,0,0,0,8.61,0,0,0,1,LIME,0
3588,N,2021-10-27 00:00:00.000,2021-10-27 21:13:44.090,0,0,0,0,0,5.11,0,0,0,2,DOLO,0
3589,N,2021-10-27 00:00:00.000,2021-10-27 21:13:44.077,0,0,0,0,0,12.21,0,0,0,3,LIME,0
3590,N,2021-10-27 00:00:00.000,2021-10-27 21:13:44.060,0,0,0,0,0,6.53,0,0,0,4,LIME,0
3586,N,2021-10-27 00:00:00.000,2021-10-27 14:14:13.643,1.78,0.0072,83.13,75.25,0,0,0,0,0,0,Fur,0
3582,N,2021-10-27 00:00:00.000,2021-10-27 14:10:13.727,1.27,0.0041,83.81,77.19,0,0,0,0,0,0,DRI,0
3583,N,2021-10-27 00:00:00.000,2021-10-27 14:10:13.720,1.34,0.0047,83.87,77.34,0,0,0,0,0,0,DRI,0
3584,N,2021-10-27 00:00:00.000,2021-10-27 14:10:13.690,1.24,0.0053,83.75,77.16,0,0,0,0,0,0,DRI,0
3585,N,2021-10-27 00:00:00.000,2021-10-27 14:10:13.650,1.22,0.0039,83.87,77.32,0,0,0,0,0,0,DRI,0
3578,N,2021-10-27 00:00:00.000,2021-10-27 13:34:43.643,0,0,0,0,1.74,8.93,1.5,86.02,0,1,LIME,0
3579,N,2021-10-27 00:00:00.000,2021-10-27 13:34:43.633,0,0,0,0,1.5,5.96,30.02,60.93,0,2,DOLO,0
3580,N,2021-10-27 00:00:00.000,2021-10-27 13:34:43.630,0,0,0,0,1.78,11.16,1.52,83.74,0,3,LIME,0
3581,N,2021-10-27 00:00:00.000,2021-10-27 13:34:43.620,0,0,0,0,1.77,6.1,1.5,88.75,0,4,LIME,0
3574,N,2021-10-27 00:00:00.000,2021-10-27 06:00:13.283,1.29,0.0038,83.65,76.75,0,0,0,0,0,0,DRI,0
3575,N,2021-10-27 00:00:00.000,2021-10-27 06:00:13.233,1.23,0.0046,83.74,77.06,0,0,0,0,0,0,DRI,0
3576,N,2021-10-27 00:00:00.000,2021-10-27 06:00:13.210,1.3,0.0042,83.83,77.31,0,0,0,0,0,0,DRI,0
3577,N,2021-10-27 00:00:00.000,2021-10-27 06:00:13.187,1.36,0.0045,83.69,77.11,0,0,0,0,0,0,DRI,0
3570,N,2021-10-27 00:00:00.000,2021-10-27 05:58:13.257,0,0,0,0,0,8.85,0,0,0,1,LIME,0
3571,N,2021-10-27 00:00:00.000,2021-10-27 05:58:13.210,0,0,0,0,0,5.2,0,0,0,2,DOLO,0
3572,N,2021-10-27 00:00:00.000,2021-10-27 05:58:13.183,0,0,0,0,0,13.2,0,0,0,3,LIME,0
3573,N,2021-10-27 00:00:00.000,2021-10-27 05:58:13.170,0,0,0,0,0,7.1,0,0,0,4,LIME,0
3567,N,2021-10-26 00:00:00.000,2021-10-26 21:53:12.673,1.38,0.004,83.57,76.51,0,0,0,0,0,0,DRI,0
3564,N,2021-10-26 00:00:00.000,2021-10-26 21:46:12.673,1.35,0.0042,84.03,77.35,0,0,0,0,0,0,DRI,0
3565,N,2021-10-26 00:00:00.000,2021-10-26 21:46:12.670,1.24,0.0041,83.91,77.28,0,0,0,0,0,0,DRI,0
3566,N,2021-10-26 00:00:00.000,2021-10-26 21:46:12.657,1.12,0.0035,83.8,76.89,0,0,0,0,0,0,DRI,0
3560,N,2021-10-26 00:00:00.000,2021-10-26 21:34:12.770,0,0,0,0,0,8.32,0,0,0,1,LIME,0
3561,N,2021-10-26 00:00:00.000,2021-10-26 21:34:12.730,0,0,0,0,0,5.12,0,0,0,2,DOLO,0
3562,N,2021-10-26 00:00:00.000,2021-10-26 21:34:12.727,0,0,0,0,0,14.11,0,0,0,3,LIME,0
3563,N,2021-10-26 00:00:00.000,2021-10-26 21:34:12.723,0,0,0,0,0,8.42,0,0,0,4,LIME,0
3557,N,2021-10-26 00:00:00.000,2021-10-26 14:29:12.237,1.45,0.0042,83.94,77.26,0,0,0,0,0,0,DRI,0
3556,N,2021-10-26 00:00:00.000,2021-10-26 14:26:42.240,1.67,0.0064,83.48,75.89,0,0,0,0,0,0,Fur,0
3554,N,2021-10-26 00:00:00.000,2021-10-26 14:22:42.263,1.45,0.0042,83.94,77.26,0,0,0,0,0,0,DRI,0
3555,N,2021-10-26 00:00:00.000,2021-10-26 14:22:42.237,1.32,0.0047,84.06,77.42,0,0,0,0,0,0,DRI,0
3550,N,2021-10-26 00:00:00.000,2021-10-26 13:35:42.247,0,0,0,0,1.76,8.78,1.48,86.07,0,1,LIME,0
3551,N,2021-10-26 00:00:00.000,2021-10-26 13:35:42.230,0,0,0,0,1.48,5.87,30.14,60.95,0,2,DOLO,0
3552,N,2021-10-26 00:00:00.000,2021-10-26 13:35:42.210,0,0,0,0,1.81,14.52,1.5,80.2,0,3,LIME,0
3553,N,2021-10-26 00:00:00.000,2021-10-26 13:35:42.197,0,0,0,0,1.79,9.1,1.52,85.6,0,4,LIME,0
3542,N,2021-10-26 00:00:00.000,2021-10-26 05:54:11.807,1.36,0.0041,83.82,77.2,0,0,0,0,0,0,DRI,0
3543,N,2021-10-26 00:00:00.000,2021-10-26 05:54:11.790,1.3,0.0039,84.05,77.44,0,0,0,0,0,0,DRI,0
3544,N,2021-10-26 00:00:00.000,2021-10-26 05:54:11.763,1.29,0.004,83.95,77.29,0,0,0,0,0,0,DRI,0
3545,N,2021-10-26 00:00:00.000,2021-10-26 05:54:11.747,1.42,0.005,83.92,77.21,0,0,0,0,0,0,DRI,0
3538,N,2021-10-26 00:00:00.000,2021-10-26 05:46:11.807,0,0,0,0,0,8.1,0,0,0,1,LIME,0
3539,N,2021-10-26 00:00:00.000,2021-10-26 05:46:11.800,0,0,0,0,0,5.23,0,0,0,2,DOLO,0
3540,N,2021-10-26 00:00:00.000,2021-10-26 05:46:11.773,0,0,0,0,0,13.98,0,0,0,3,LIME,0
3541,N,2021-10-26 00:00:00.000,2021-10-26 05:46:11.723,0,0,0,0,0,6.12,0,0,0,4,LIME,0
3534,N,2021-10-25 00:00:00.000,2021-10-25 22:01:41.380,1.52,0.0037,83.85,77.14,0,0,0,0,0,0,DRI,0
3535,N,2021-10-25 00:00:00.000,2021-10-25 22:01:41.373,1.39,0.004,83.93,77.34,0,0,0,0,0,0,DRI,0
3536,N,2021-10-25 00:00:00.000,2021-10-25 22:01:41.360,1.45,0.0044,84.02,77.48,0,0,0,0,0,0,DRI,0
3537,N,2021-10-25 00:00:00.000,2021-10-25 22:01:41.330,1.37,0.0038,83.85,77.2,0,0,0,0,0,0,DRI,0
3530,N,2021-10-25 00:00:00.000,2021-10-25 21:49:11.360,0,0,0,0,0,8.5,0,0,0,1,LIME,0
3531,N,2021-10-25 00:00:00.000,2021-10-25 21:49:11.350,0,0,0,0,0,5.15,0,0,0,2,DOLO,0
3532,N,2021-10-25 00:00:00.000,2021-10-25 21:49:11.320,0,0,0,0,0,15.85,0,0,0,3,LIME,0
3533,N,2021-10-25 00:00:00.000,2021-10-25 21:49:11.277,0,0,0,0,0,6.9,0,0,0,4,LIME,0
3498,N,2021-10-24 00:00:00.000,2021-10-25 17:45:13.887,0,0,0,0,0,5.87,0,0,0,2,DOLO,0
3499,N,2021-10-24 00:00:00.000,2021-10-25 17:45:13.880,0,0,0,0,0,13.42,0,0,0,3,LIME,0
3500,N,2021-10-24 00:00:00.000,2021-10-25 17:45:13.877,0,0,0,0,0,6.25,0,0,0,4,LIME,0
3501,N,2021-10-24 00:00:00.000,2021-10-25 17:45:13.867,1.53,0.0046,83.96,77.3,0,0,0,0,0,0,DRI,0
3502,N,2021-10-24 00:00:00.000,2021-10-25 17:45:13.863,1.5,0.004,83.86,77.1,0,0,0,0,0,0,DRI,0
3503,N,2021-10-24 00:00:00.000,2021-10-25 17:45:13.860,1.35,0.0042,83.93,77.39,0,0,0,0,0,0,DRI,0
3504,N,2021-10-24 00:00:00.000,2021-10-25 17:45:13.850,1.41,0.0045,83.88,77.31,0,0,0,0,0,0,DRI,0
3510,N,2021-10-25 00:00:00.000,2021-10-25 17:45:13.847,0,0,0,0,0,20.5,0,0,0,1,LIME,0
3511,N,2021-10-25 00:00:00.000,2021-10-25 17:45:13.843,0,0,0,0,0,5.2,0,0,0,2,DOLO,0
3512,N,2021-10-25 00:00:00.000,2021-10-25 17:45:13.840,0,0,0,0,0,13.85,0,0,0,3,LIME,0
3513,N,2021-10-25 00:00:00.000,2021-10-25 17:45:13.830,0,0,0,0,0,5.75,0,0,0,4,LIME,0
3514,N,2021-10-25 00:00:00.000,2021-10-25 17:45:13.827,1.61,0.0037,83.96,77.44,0,0,0,0,0,0,DRI,0
3515,N,2021-10-25 00:00:00.000,2021-10-25 17:45:13.823,1.5,0.0042,83.85,77.18,0,0,0,0,0,0,DRI,0
3516,N,2021-10-25 00:00:00.000,2021-10-25 17:45:13.820,1.47,0.0046,83.91,77.31,0,0,0,0,0,0,DRI,0
3517,N,2021-10-25 00:00:00.000,2021-10-25 17:45:13.763,1.55,0.0048,84.01,77.55,0,0,0,0,0,0,DRI,0
3518,N,2021-10-25 00:00:00.000,2021-10-25 17:45:13.760,0,0,0,0,1.67,12.6,1.92,81.91,0,1,LIME,0
3519,N,2021-10-25 00:00:00.000,2021-10-25 17:45:13.757,0,0,0,0,1.55,5.72,30.42,60.75,0,2,DOLO,0
3520,N,2021-10-25 00:00:00.000,2021-10-25 17:45:13.753,0,0,0,0,1.65,15.16,1.72,79.57,0,3,LIME,0
3521,N,2021-10-25 00:00:00.000,2021-10-25 17:45:13.710,0,0,0,0,1.61,6.76,1.92,87.9,0,4,LIME,0
3522,N,2021-10-25 00:00:00.000,2021-10-25 17:45:13.703,1.29,0.0031,83.96,77.39,0,0,0,0,0,0,DRI,0
3523,N,2021-10-25 00:00:00.000,2021-10-25 17:45:13.657,1.37,0.0039,83.86,77.34,0,0,0,0,0,0,DRI,0
3524,N,2021-10-25 00:00:00.000,2021-10-25 17:45:13.637,1.45,0.0048,83.76,77.11,0,0,0,0,0,0,DRI,0
3525,N,2021-10-25 00:00:00.000,2021-10-25 17:45:13.633,1.28,0.0034,83.93,77.24,0,0,0,0,0,0,DRI,0
3526,N,2021-10-25 00:00:00.000,2021-10-25 17:45:13.563,1.86,0.0078,83.76,76.1,0,0,0,0,0,0,Fur,0
3443,N,2021-10-22 00:00:00.000,2021-10-22 22:13:53.640,1.35,0.0052,84.31,77.8,0,0,0,0,0,0,DRI,0
3444,N,2021-10-22 00:00:00.000,2021-10-22 22:13:52.803,1.41,0.0048,84.39,77.73,0,0,0,0,0,0,DRI,0
3445,N,2021-10-22 00:00:00.000,2021-10-22 22:13:51.730,1.48,0.0057,84.43,77.89,0,0,0,0,0,0,DRI,0
3441,N,2021-10-22 00:00:00.000,2021-10-22 21:48:02.227,0,0,0,0,0,14.83,0,0,0,3,LIME,0
3442,N,2021-10-22 00:00:00.000,2021-10-22 21:48:01.117,0,0,0,0,0,8.52,0,0,0,4,LIME,0
3433,N,2021-10-22 00:00:00.000,2021-10-22 14:18:58.583,1.72,0.0047,83.91,77.06,0,0,0,0,0,0,DRI,0
3434,N,2021-10-22 00:00:00.000,2021-10-22 14:18:58.567,1.55,0.0041,84.04,77.34,0,0,0,0,0,0,DRI,0
3435,N,2021-10-22 00:00:00.000,2021-10-22 14:18:58.537,1.62,0.0052,84.12,77.53,0,0,0,0,0,0,DRI,0
3436,N,2021-10-22 00:00:00.000,2021-10-22 14:18:58.517,1.69,0.0043,84.07,77.4,0,0,0,0,0,0,DRI,0
3431,N,2021-10-22 00:00:00.000,2021-10-22 14:01:30.643,0,0,0,0,1.69,15.02,1.78,79.56,0,3,LIME,0
3432,N,2021-10-22 00:00:00.000,2021-10-22 14:01:28.660,0,0,0,0,1.66,8.76,1.75,85.93,0,4,LIME,0
3430,N,2021-10-22 00:00:00.000,2021-10-22 14:00:59.640,0,0,0,0,1.48,5.13,31.05,60.85,0,2,DOLO,0
3420,N,2021-10-22 00:00:00.000,2021-10-22 05:52:28.097,1.59,0.0045,83.87,76.83,0,0,0,0,0,0,DRI,0
3421,N,2021-10-22 00:00:00.000,2021-10-22 05:52:28.080,1.97,0.0055,83.91,76.97,0,0,0,0,0,0,DRI,0
3422,N,2021-10-22 00:00:00.000,2021-10-22 05:52:28.077,1.94,0.0051,83.86,76.9,0,0,0,0,0,0,DRI,0
3423,N,2021-10-22 00:00:00.000,2021-10-22 05:52:28.033,1.76,0.005,83.84,76.75,0,0,0,0,0,0,DRI,0
3417,N,2021-10-22 00:00:00.000,2021-10-22 05:44:58.073,0,0,0,0,0,5.51,0,0,0,2,DOLO,0
3418,N,2021-10-22 00:00:00.000,2021-10-22 05:44:58.043,0,0,0,0,0,12.84,0,0,0,3,LIME,0
3419,N,2021-10-22 00:00:00.000,2021-10-22 05:44:58.017,0,0,0,0,0,7.98,0,0,0,4,LIME,0
3413,N,2021-10-21 00:00:00.000,2021-10-21 22:08:27.627,1.76,0.0057,83.76,76.95,0,0,0,0,0,0,DRI,0
3414,N,2021-10-21 00:00:00.000,2021-10-21 22:08:27.610,1.63,0.0062,83.82,76.72,0,0,0,0,0,0,DRI,0
3415,N,2021-10-21 00:00:00.000,2021-10-21 22:08:27.587,1.67,0.0052,83.78,76.79,0,0,0,0,0,0,DRI,0
3416,N,2021-10-21 00:00:00.000,2021-10-21 22:08:27.560,1.77,0.0058,83.88,76.94,0,0,0,0,0,0,DRI,0
3410,N,2021-10-21 00:00:00.000,2021-10-21 22:05:27.607,0,0,0,0,0,5.36,0,0,0,2,DOLO,0
3411,N,2021-10-21 00:00:00.000,2021-10-21 22:05:27.590,0,0,0,0,0,13.19,0,0,0,3,LIME,0
3412,N,2021-10-21 00:00:00.000,2021-10-21 22:05:27.563,0,0,0,0,0,8.86,0,0,0,4,LIME,0
3408,N,2021-10-21 00:00:00.000,2021-10-21 14:18:57.103,1.86,0.0069,82.85,75.21,0,0,0,0,0,0,Fur,0
3404,N,2021-10-21 00:00:00.000,2021-10-21 14:17:57.180,2.01,0.0037,83.91,77,0,0,0,0,0,0,DRI,0
3405,N,2021-10-21 00:00:00.000,2021-10-21 14:17:57.163,1.95,0.0035,83.61,76.66,0,0,0,0,0,0,DRI,0
3406,N,2021-10-21 00:00:00.000,2021-10-21 14:17:57.137,2.06,0.004,83.49,76.34,0,0,0,0,0,0,DRI,0
3407,N,2021-10-21 00:00:00.000,2021-10-21 14:17:57.107,1.99,0.0043,83.73,76.9,0,0,0,0,0,0,DRI,0
3400,N,2021-10-21 00:00:00.000,2021-10-21 14:00:27.147,0,0,0,0,1.62,8.84,1.72,85.95,0,1,LIME,0
3401,N,2021-10-21 00:00:00.000,2021-10-21 14:00:27.103,0,0,0,0,1.52,5.24,30.92,60.79,0,2,DOLO,0
3402,N,2021-10-21 00:00:00.000,2021-10-21 14:00:27.100,0,0,0,0,1.66,14.56,1.68,80.16,0,3,LIME,0
3403,N,2021-10-21 00:00:00.000,2021-10-21 14:00:27.080,0,0,0,0,1.62,8.54,1.84,86.11,0,4,LIME,0
3394,N,2021-10-21 00:00:00.000,2021-10-21 05:51:56.660,1.44,0.0039,83.85,77.03,0,0,0,0,0,0,DRI,0
3395,N,2021-10-21 00:00:00.000,2021-10-21 05:51:56.613,1.64,0.0042,84.25,77.52,0,0,0,0,0,0,DRI,0
3396,N,2021-10-21 00:00:00.000,2021-10-21 05:51:56.610,1.48,0.0049,84.19,77.39,0,0,0,0,0,0,DRI,0
3397,N,2021-10-21 00:00:00.000,2021-10-21 05:51:56.603,2.08,0.0052,84.1,77.21,0,0,0,0,0,0,DRI,0
3390,N,2021-10-21 00:00:00.000,2021-10-21 05:47:56.670,0,0,0,0,0,12.69,0,0,0,1,LIME,0
3391,N,2021-10-21 00:00:00.000,2021-10-21 05:47:56.633,0,0,0,0,0,6.19,0,0,0,2,DOLO,0
3392,N,2021-10-21 00:00:00.000,2021-10-21 05:47:56.627,0,0,0,0,0,13.85,0,0,0,3,LIME,0
3393,N,2021-10-21 00:00:00.000,2021-10-21 05:47:56.603,0,0,0,0,0,8.23,0,0,0,4,LIME,0
3384,N,2021-10-20 00:00:00.000,2021-10-20 22:05:26.207,1.46,0.0028,83.87,76.86,0,0,0,0,0,0,DRI,0
3385,N,2021-10-20 00:00:00.000,2021-10-20 22:05:26.187,1.38,0.0037,83.67,76.51,0,0,0,0,0,0,DRI,0
3386,N,2021-10-20 00:00:00.000,2021-10-20 22:05:26.170,1.45,0.0042,83.73,76.75,0,0,0,0,0,0,DRI,0
3387,N,2021-10-20 00:00:00.000,2021-10-20 22:05:26.150,1.51,0.0045,83.8,76.91,0,0,0,0,0,0,DRI,0
3380,N,2021-10-20 00:00:00.000,2021-10-20 21:45:26.207,0,0,0,0,0,13.25,0,0,0,1,LIME,0
3381,N,2021-10-20 00:00:00.000,2021-10-20 21:45:26.200,0,0,0,0,0,6.37,0,0,0,2,DOLO,0
3382,N,2021-10-20 00:00:00.000,2021-10-20 21:45:26.197,0,0,0,0,0,14.52,0,0,0,3,LIME,0
3383,N,2021-10-20 00:00:00.000,2021-10-20 21:45:26.133,0,0,0,0,0,8.92,0,0,0,4,LIME,0
3372,N,2021-10-20 00:00:00.000,2021-10-20 15:50:25.780,1.45,0.0038,83.82,76.76,0,0,0,0,0,0,DRI,0
3368,N,2021-10-20 00:00:00.000,2021-10-20 13:55:55.710,1.23,0.0044,83.7,76.27,0,0,0,0,0,0,DRI,0
3369,N,2021-10-20 00:00:00.000,2021-10-20 13:55:55.707,1.45,0.0038,83.82,76.76,0,0,0,0,0,0,DRI,0
3370,N,2021-10-20 00:00:00.000,2021-10-20 13:55:55.677,1.49,0.0034,83.9,76.39,0,0,0,0,0,0,DRI,0
3371,N,2021-10-20 00:00:00.000,2021-10-20 13:55:55.653,1.5,0.0039,83.76,76.67,0,0,0,0,0,0,DRI,0
3364,N,2021-10-20 00:00:00.000,2021-10-20 13:34:55.720,0,0,0,0,1.64,14.56,1.65,80.35,0,1,LIME,0
3365,N,2021-10-20 00:00:00.000,2021-10-20 13:34:55.707,0,0,0,0,1.49,5.9,30.65,60.38,0,2,DOLO,0
3366,N,2021-10-20 00:00:00.000,2021-10-20 13:34:55.697,0,0,0,0,1.61,14.1,1.82,80.73,0,3,LIME,0
3367,N,2021-10-20 00:00:00.000,2021-10-20 13:34:55.653,0,0,0,0,1.54,7.65,1.62,87.44,0,4,LIME,0
3360,N,2021-10-20 00:00:00.000,2021-10-20 06:00:25.280,1.38,0.0049,84.23,77.58,0,0,0,0,0,0,DRI,0
3361,N,2021-10-20 00:00:00.000,2021-10-20 06:00:25.247,1.36,0.0041,84.08,77.39,0,0,0,0,0,0,DRI,0
3362,N,2021-10-20 00:00:00.000,2021-10-20 06:00:25.243,1.16,0.0051,84.01,77.15,0,0,0,0,0,0,DRI,0
3363,N,2021-10-20 00:00:00.000,2021-10-20 06:00:25.240,1.74,0.0039,84.1,76.98,0,0,0,0,0,0,DRI,0
3350,N,2021-10-20 00:00:00.000,2021-10-20 05:37:25.243,0,0,0,0,0,10.25,0,0,0,1,LIME,0
3351,N,2021-10-20 00:00:00.000,2021-10-20 05:37:25.230,0,0,0,0,0,6.96,0,0,0,2,DOLO,0
3352,N,2021-10-20 00:00:00.000,2021-10-20 05:37:25.207,0,0,0,0,0,13.56,0,0,0,3,LIME,0
3353,N,2021-10-20 00:00:00.000,2021-10-20 05:37:25.180,0,0,0,0,0,9.25,0,0,0,4,LIME,0
3340,N,2021-10-19 00:00:00.000,2021-10-19 21:46:24.733,0,0,0,0,0,6.47,0,0,0,2,DOLO,0
3341,N,2021-10-19 00:00:00.000,2021-10-19 21:46:24.713,0,0,0,0,0,1.19,0,0,0,3,LIME,0
3333,N,2021-10-19 00:00:00.000,2021-10-19 13:34:24.223,1.68,0.0085,83.25,76.15,0,0,0,0,0,0,Fur,0
3327,N,2021-10-19 00:00:00.000,2021-10-19 13:32:54.293,1.68,0.0085,83.25,76.15,0,0,0,0,0,0,Fur,0
3328,N,2021-10-19 00:00:00.000,2021-10-19 13:32:54.290,0,0,0,0,0,0,0,0,0,0,Fur,0
3329,N,2021-10-19 00:00:00.000,2021-10-19 13:32:54.283,0,0,0,0,0,0,0,0,0,0,Fur,0
3330,N,2021-10-19 00:00:00.000,2021-10-19 13:32:54.253,0,0,0,0,0,0,0,0,0,0,Fur,0
3331,N,2021-10-19 00:00:00.000,2021-10-19 13:32:54.247,0,0,0,0,0,0,0,0,0,0,Fur,0
3332,N,2021-10-19 00:00:00.000,2021-10-19 13:32:54.223,0,0,0,0,0,0,0,0,0,0,Fur,0
3324,N,2021-10-19 00:00:00.000,2021-10-19 13:30:54.263,1.27,0.0038,84.15,77.51,0,0,0,0,0,0,DRI,0
3325,N,2021-10-19 00:00:00.000,2021-10-19 13:30:54.260,1.34,0.0043,84.22,77.64,0,0,0,0,0,0,DRI,0
3326,N,2021-10-19 00:00:00.000,2021-10-19 13:30:54.223,1.28,0.0052,84.11,77.45,0,0,0,0,0,0,DRI,0
3320,N,2021-10-19 00:00:00.000,2021-10-19 13:27:24.287,0,0,0,0,1.67,7.14,1.68,87.66,0,1,LIME,0
3321,N,2021-10-19 00:00:00.000,2021-10-19 13:27:24.280,0,0,0,0,1.52,5.82,30.78,60.3,0,2,DOLO,0
3322,N,2021-10-19 00:00:00.000,2021-10-19 13:27:24.277,0,0,0,0,1.63,10.87,1.84,83.76,0,3,LIME,0
3323,N,2021-10-19 00:00:00.000,2021-10-19 13:27:24.223,0,0,0,0,1.56,4.88,1.64,90.27,0,4,LIME,0
3313,N,2021-10-19 00:00:00.000,2021-10-19 05:56:23.837,1.17,0.0053,84.04,77.22,0,0,0,0,0,0,DRI,0
3314,N,2021-10-19 00:00:00.000,2021-10-19 05:56:23.833,1.21,0.0045,84.13,77.6,0,0,0,0,0,0,DRI,0
3315,N,2021-10-19 00:00:00.000,2021-10-19 05:56:23.803,1.19,0.0039,84.06,77.48,0,0,0,0,0,0,DRI,0
3316,N,2021-10-19 00:00:00.000,2021-10-19 05:56:23.777,1.2,0.0041,84.09,77.28,0,0,0,0,0,0,DRI,0
3309,N,2021-10-19 00:00:00.000,2021-10-19 05:52:23.820,0,0,0,0,0,6.51,0,0,0,1,LIME,0
3310,N,2021-10-19 00:00:00.000,2021-10-19 05:52:23.783,0,0,0,0,0,5.48,0,0,0,2,DOLO,0
3311,N,2021-10-19 00:00:00.000,2021-10-19 05:52:23.780,0,0,0,0,0,12.21,0,0,0,3,LIME,0
3312,N,2021-10-19 00:00:00.000,2021-10-19 05:52:23.777,0,0,0,0,0,5.89,0,0,0,4,LIME,0
3305,N,2021-10-18 00:00:00.000,2021-10-18 22:06:53.367,1.22,0.0052,84.27,77.71,0,0,0,0,0,0,DRI,0
3306,N,2021-10-18 00:00:00.000,2021-10-18 22:06:53.343,1.34,0.0036,84.15,77.48,0,0,0,0,0,0,DRI,0
3307,N,2021-10-18 00:00:00.000,2021-10-18 22:06:53.330,1.18,0.0064,84.07,77.23,0,0,0,0,0,0,DRI,0
3308,N,2021-10-18 00:00:00.000,2021-10-18 22:06:53.307,1.26,0.0072,84.02,77.16,0,0,0,0,0,0,DRI,0
3301,N,2021-10-18 00:00:00.000,2021-10-18 21:49:53.363,0,0,0,0,0,6.37,0,0,0,1,LIME,0
3302,N,2021-10-18 00:00:00.000,2021-10-18 21:49:53.333,0,0,0,0,0,5.84,0,0,0,2,DOLO,0
3303,N,2021-10-18 00:00:00.000,2021-10-18 21:49:53.330,0,0,0,0,0,14.62,0,0,0,3,LIME,0
3304,N,2021-10-18 00:00:00.000,2021-10-18 21:49:53.300,0,0,0,0,0,6.14,0,0,0,4,LIME,0
3300,N,2021-10-18 00:00:00.000,2021-10-18 16:10:22.963,1.35,0.0056,84.11,77.47,0,0,0,0,0,0,DRI,0
3294,N,2021-10-18 00:00:00.000,2021-10-18 14:02:52.900,1.35,0.005,84.04,77.39,0,0,0,0,0,0,DRI,0
3295,N,2021-10-18 00:00:00.000,2021-10-18 14:02:52.883,1.37,0.0054,84.16,77.57,0,0,0,0,0,0,DRI,0
3296,N,2021-10-18 00:00:00.000,2021-10-18 14:02:52.853,1.3,0.005,84.2,77.71,0,0,0,0,0,0,DRI,0
3297,N,2021-10-18 00:00:00.000,2021-10-18 14:02:52.830,1.35,0.0056,84.11,77.47,0,0,0,0,0,0,DRI,0
3290,N,2021-10-18 00:00:00.000,2021-10-18 13:47:52.890,0,0,0,0,1.63,6.12,1.92,88.52,0,1,LIME,0
3291,N,2021-10-18 00:00:00.000,2021-10-18 13:47:52.880,0,0,0,0,1.56,6.1,30.14,60.67,0,2,DOLO,0
3292,N,2021-10-18 00:00:00.000,2021-10-18 13:47:52.850,0,0,0,0,1.66,11.24,1.68,83.55,0,3,LIME,0
3293,N,2021-10-18 00:00:00.000,2021-10-18 13:47:52.827,0,0,0,0,1.59,5.95,1.82,88.89,0,4,LIME,0
3282,N,2021-10-18 00:00:00.000,2021-10-18 05:53:22.413,1.31,0.0049,84.09,77.51,0,0,0,0,0,0,DRI,0
3283,N,2021-10-18 00:00:00.000,2021-10-18 05:53:22.400,1.36,0.0036,84.11,77.41,0,0,0,0,0,0,DRI,0
3284,N,2021-10-18 00:00:00.000,2021-10-18 05:53:22.370,1.42,0.005,84.15,77.52,0,0,0,0,0,0,DRI,0
3285,N,2021-10-18 00:00:00.000,2021-10-18 05:53:22.353,1.38,0.0055,83.96,77.42,0,0,0,0,0,0,DRI,0
3278,N,2021-10-18 00:00:00.000,2021-10-18 05:28:52.410,0,0,0,0,0,5.82,0,0,0,1,LIME,0
3279,N,2021-10-18 00:00:00.000,2021-10-18 05:28:52.393,0,0,0,0,0,5.69,0,0,0,2,DOLO,0
3280,N,2021-10-18 00:00:00.000,2021-10-18 05:28:52.367,0,0,0,0,0,14.78,0,0,0,3,LIME,0
3281,N,2021-10-18 00:00:00.000,2021-10-18 05:28:52.330,0,0,0,0,0,5.71,0,0,0,4,LIME,0
3274,N,2021-10-17 00:00:00.000,2021-10-17 22:07:51.940,1.43,0.0035,83.8,77.14,0,0,0,0,0,0,DRI,0
3275,N,2021-10-17 00:00:00.000,2021-10-17 22:07:51.930,1.47,0.0042,83.93,77.36,0,0,0,0,0,0,DRI,0
3276,N,2021-10-17 00:00:00.000,2021-10-17 22:07:51.907,1.36,0.0038,84.03,77.42,0,0,0,0,0,0,DRI,0
3277,N,2021-10-17 00:00:00.000,2021-10-17 22:07:51.893,1.34,0.0052,84.14,77.47,0,0,0,0,0,0,DRI,0
3270,N,2021-10-17 00:00:00.000,2021-10-17 21:55:51.943,0,0,0,0,0,5.93,0,0,0,1,LIME,0
3271,N,2021-10-17 00:00:00.000,2021-10-17 21:55:51.937,0,0,0,0,0,5.34,0,0,0,2,DOLO,0
3272,N,2021-10-17 00:00:00.000,2021-10-17 21:55:51.907,0,0,0,0,0,15.37,0,0,0,3,LIME,0
3273,N,2021-10-17 00:00:00.000,2021-10-17 21:55:51.873,0,0,0,0,0,5.89,0,0,0,4,LIME,0
3264,N,2021-10-17 00:00:00.000,2021-10-17 14:07:51.490,1.35,0.004,83.79,77.26,0,0,0,0,0,0,DRI,0
3265,N,2021-10-17 00:00:00.000,2021-10-17 14:07:51.447,1.49,0.0034,83.64,77.02,0,0,0,0,0,0,DRI,0
3266,N,2021-10-17 00:00:00.000,2021-10-17 14:07:51.443,1.46,0.0048,83.73,77.16,0,0,0,0,0,0,DRI,0
3267,N,2021-10-17 00:00:00.000,2021-10-17 14:07:51.423,1.5,0.0054,83.85,77.41,0,0,0,0,0,0,DRI,0
3260,N,2021-10-17 00:00:00.000,2021-10-17 13:40:51.513,0,0,0,0,1.6,5.7,1.84,89.07,0,1,LIME,0
3261,N,2021-10-17 00:00:00.000,2021-10-17 13:40:51.497,0,0,0,0,1.5,5.18,30.46,61.31,0,2,DOLO,0
3262,N,2021-10-17 00:00:00.000,2021-10-17 13:40:51.467,0,0,0,0,1.61,14.26,1.72,80.48,0,3,LIME,0
3263,N,2021-10-17 00:00:00.000,2021-10-17 13:40:51.397,0,0,0,0,1.55,5.14,1.72,90.02,0,4,LIME,0
3247,N,2021-10-16 00:00:00.000,2021-10-16 21:56:50.507,1.4,0.0051,83.61,77.01,0,0,0,0,0,0,DRI,0
3248,N,2021-10-16 00:00:00.000,2021-10-16 21:56:50.500,1.48,0.0045,83.72,77.26,0,0,0,0,0,0,DRI,0
3249,N,2021-10-16 00:00:00.000,2021-10-16 21:56:50.473,1.53,0.0049,83.64,77.08,0,0,0,0,0,0,DRI,0
3250,N,2021-10-16 00:00:00.000,2021-10-16 21:56:50.463,1.56,0.0055,83.7,77.21,0,0,0,0,0,0,DRI,0
3244,N,2021-10-16 00:00:00.000,2021-10-16 21:54:50.517,1.39,0.0076,83.4,76.57,0,0,0,0,0,0,DRI,0
3245,N,2021-10-16 00:00:00.000,2021-10-16 21:54:50.480,1.51,0.0062,83.42,76.84,0,0,0,0,0,0,DRI,0
3246,N,2021-10-16 00:00:00.000,2021-10-16 21:54:50.460,1.57,0.0053,83.49,77.05,0,0,0,0,0,0,DRI,0
3240,N,2021-10-16 00:00:00.000,2021-10-16 21:52:50.543,0,0,0,0,0,5.1,0,0,0,1,LIME,0
3241,N,2021-10-16 00:00:00.000,2021-10-16 21:52:50.517,0,0,0,0,0,5.4,0,0,0,2,DOLO,0
3242,N,2021-10-16 00:00:00.000,2021-10-16 21:52:50.490,0,0,0,0,0,14.5,0,0,0,3,LIME,0
3243,N,2021-10-16 00:00:00.000,2021-10-16 21:52:50.463,0,0,0,0,0,5,0,0,0,4,LIME,0
3232,N,2021-10-16 00:00:00.000,2021-10-16 17:11:50.180,1.57,0.0053,83.49,77.05,0,0,0,0,0,0,DRI,0
3228,N,2021-10-16 00:00:00.000,2021-10-16 14:44:20.093,0,0,0,0,1.58,5.28,1.72,89.64,0,1,LIME,0
3229,N,2021-10-16 00:00:00.000,2021-10-16 14:44:20.080,0,0,0,0,1.59,5.9,30.1,60.84,0,2,DOLO,0
3230,N,2021-10-16 00:00:00.000,2021-10-16 14:44:20.057,0,0,0,0,1.65,15.24,1.92,79.28,0,3,LIME,0
3231,N,2021-10-16 00:00:00.000,2021-10-16 14:44:20.037,0,0,0,0,1.57,4.8,1.62,90.35,0,4,LIME,0
3224,N,2021-10-16 00:00:00.000,2021-10-16 06:14:19.583,1.36,0.0076,83.42,76.78,0,0,0,0,0,0,DRI,0
3225,N,2021-10-16 00:00:00.000,2021-10-16 06:14:19.577,1.32,0.0079,83.47,76.85,0,0,0,0,0,0,DRI,0
3226,N,2021-10-16 00:00:00.000,2021-10-16 06:14:19.567,1.26,0.0068,83.36,76.56,0,0,0,0,0,0,DRI,0
3227,N,2021-10-16 00:00:00.000,2021-10-16 06:14:19.537,1.23,0.0074,83.48,76.88,0,0,0,0,0,0,DRI,0
3220,N,2021-10-16 00:00:00.000,2021-10-16 06:11:49.570,0,0,0,0,0,5.64,0,0,0,1,LIME,0
3221,N,2021-10-16 00:00:00.000,2021-10-16 06:11:49.563,0,0,0,0,0,5.13,0,0,0,2,DOLO,0
3222,N,2021-10-16 00:00:00.000,2021-10-16 06:11:49.560,0,0,0,0,0,14.17,0,0,0,3,LIME,0
3223,N,2021-10-16 00:00:00.000,2021-10-16 06:11:49.530,0,0,0,0,0,5.18,0,0,0,4,LIME,0
3209,N,2021-10-15 00:00:00.000,2021-10-15 22:02:19.110,1.22,0.0065,83.56,76.69,0,0,0,0,0,0,DRI,0
3210,N,2021-10-15 00:00:00.000,2021-10-15 22:02:19.097,1.25,0.0057,83.65,76.84,0,0,0,0,0,0,DRI,0
3211,N,2021-10-15 00:00:00.000,2021-10-15 22:02:19.070,1.34,0.007,83.52,77.01,0,0,0,0,0,0,DRI,0
3212,N,2021-10-15 00:00:00.000,2021-10-15 22:02:19.057,1.3,0.0064,83.37,76.82,0,0,0,0,0,0,DRI,0
3205,N,2021-10-15 00:00:00.000,2021-10-15 21:47:19.100,0,0,0,0,0,5,0,0,0,1,LIME,0
3206,N,2021-10-15 00:00:00.000,2021-10-15 21:47:19.087,0,0,0,0,0,5.2,0,0,0,2,DOLO,0
3207,N,2021-10-15 00:00:00.000,2021-10-15 21:47:19.063,0,0,0,0,0,11.85,0,0,0,3,LIME,0
3208,N,2021-10-15 00:00:00.000,2021-10-15 21:47:19.043,0,0,0,0,0,5.1,0,0,0,4,LIME,0
3204,N,2021-10-15 00:00:00.000,2021-10-15 13:59:18.563,1.27,0.0073,83.65,76.62,0,0,0,0,0,0,DRI,0
3202,N,2021-10-15 00:00:00.000,2021-10-15 13:57:18.590,1.26,0.0078,83.76,76.89,0,0,0,0,0,0,DRI,0
3203,N,2021-10-15 00:00:00.000,2021-10-15 13:57:18.570,1.26,0.0078,83.76,76.89,0,0,0,0,0,0,DRI,0
3201,N,2021-10-15 00:00:00.000,2021-10-15 13:55:48.567,1.24,0.0078,83.7,76.69,0,0,0,0,0,0,DRI,0
3198,N,2021-10-15 00:00:00.000,2021-10-15 13:43:18.610,1.35,0.0072,83.76,76.88,0,0,0,0,0,0,DRI,0
3199,N,2021-10-15 00:00:00.000,2021-10-15 13:43:18.603,1.24,0.0078,83.7,76.69,0,0,0,0,0,0,DRI,0
3200,N,2021-10-15 00:00:00.000,2021-10-15 13:43:18.540,1.21,0.0067,83.75,76.89,0,0,0,0,0,0,DRI,0
3194,N,2021-10-15 00:00:00.000,2021-10-15 06:10:18.177,1.26,0.0078,83.76,76.89,0,0,0,0,0,0,DRI,0
3195,N,2021-10-15 00:00:00.000,2021-10-15 06:10:18.160,1.34,0.0073,83.84,77.15,0,0,0,0,0,0,DRI,0
3196,N,2021-10-15 00:00:00.000,2021-10-15 06:10:18.137,1.23,0.0068,83.73,76.9,0,0,0,0,0,0,DRI,0
3197,N,2021-10-15 00:00:00.000,2021-10-15 06:10:18.113,1.38,0.0079,83.83,77.12,0,0,0,0,0,0,DRI,0
3190,N,2021-10-15 00:00:00.000,2021-10-15 06:07:18.160,0,0,0,0,0,5.73,0,0,0,1,LIME,0
3191,N,2021-10-15 00:00:00.000,2021-10-15 06:07:18.143,0,0,0,0,0,5.26,0,0,0,2,DOLO,0
3192,N,2021-10-15 00:00:00.000,2021-10-15 06:07:18.127,0,0,0,0,0,13.92,0,0,0,3,LIME,0
3193,N,2021-10-15 00:00:00.000,2021-10-15 06:07:18.107,0,0,0,0,0,5.94,0,0,0,4,LIME,0
3178,N,2021-10-14 00:00:00.000,2021-10-14 21:57:17.757,1.2,0.0072,83.91,77,0,0,0,0,0,0,DRI,0
3179,N,2021-10-14 00:00:00.000,2021-10-14 21:57:17.750,1.16,0.0077,83.8,76.79,0,0,0,0,0,0,DRI,0
3180,N,2021-10-14 00:00:00.000,2021-10-14 21:57:17.740,1.25,0.007,83.72,77.05,0,0,0,0,0,0,DRI,0
3181,N,2021-10-14 00:00:00.000,2021-10-14 21:57:17.693,1.31,0.0075,83.65,77.1,0,0,0,0,0,0,DRI,0
3177,N,2021-10-14 00:00:00.000,2021-10-14 16:18:38.223,1.23,0.0079,84.15,77.32,0,0,0,0,0,0,DRI,0
3142,N,2021-10-13 00:00:00.000,2021-10-14 13:28:21.227,0,0,0,0,1.55,5.92,1.8,88.95,0,1,LIME,0
3143,N,2021-10-13 00:00:00.000,2021-10-14 13:28:21.157,0,0,0,0,1.47,5.2,30.09,61.67,0,2,DOLO,0
3144,N,2021-10-13 00:00:00.000,2021-10-14 13:28:21.117,0,0,0,0,1.61,14.9,1.7,80.05,0,3,LIME,0
3145,N,2021-10-13 00:00:00.000,2021-10-14 13:28:21.087,0,0,0,0,1.64,6.1,1.65,88.87,0,4,LIME,0
3146,N,2021-10-13 00:00:00.000,2021-10-14 13:28:21.047,1.23,0.0072,84.06,77.41,0,0,0,0,0,0,DRI,0
3150,N,2021-10-13 00:00:00.000,2021-10-14 13:28:21.003,0,0,0,0,0,5.5,0,0,0,1,LIME,0
3151,N,2021-10-13 00:00:00.000,2021-10-14 13:28:20.967,0,0,0,0,0,15.4,0,0,0,3,LIME,0
3152,N,2021-10-13 00:00:00.000,2021-10-14 13:28:20.927,0,0,0,0,0,5.7,0,0,0,4,LIME,0
3153,N,2021-10-13 00:00:00.000,2021-10-14 13:28:20.900,1.33,0.006,84.01,77.17,0,0,0,0,0,0,DRI,0
3154,N,2021-10-13 00:00:00.000,2021-10-14 13:28:20.840,1.3,0.0073,84.08,77.36,0,0,0,0,0,0,DRI,0
3155,N,2021-10-13 00:00:00.000,2021-10-14 13:28:20.797,1.36,0.0069,84.16,77.55,0,0,0,0,0,0,DRI,0
3156,N,2021-10-13 00:00:00.000,2021-10-14 13:28:20.760,1.31,0.0063,84.23,77.69,0,0,0,0,0,0,DRI,0
3160,N,2021-10-14 00:00:00.000,2021-10-14 13:28:20.723,0,0,0,0,0,5.86,0,0,0,1,LIME,0
3161,N,2021-10-14 00:00:00.000,2021-10-14 13:28:20.690,0,0,0,0,0,5.96,0,0,0,2,DOLO,0
3162,N,2021-10-14 00:00:00.000,2021-10-14 13:28:20.653,0,0,0,0,0,14.73,0,0,0,3,LIME,0
3163,N,2021-10-14 00:00:00.000,2021-10-14 13:28:20.617,0,0,0,0,0,6.13,0,0,0,4,LIME,0
3164,N,2021-10-14 00:00:00.000,2021-10-14 13:28:20.580,1.26,0.0078,84.16,77.47,0,0,0,0,0,0,DRI,0
3165,N,2021-10-14 00:00:00.000,2021-10-14 13:28:20.540,1.29,0.0058,84.09,77.23,0,0,0,0,0,0,DRI,0
3166,N,2021-10-14 00:00:00.000,2021-10-14 13:28:20.503,1.23,0.0076,84.14,77.48,0,0,0,0,0,0,DRI,0
3167,N,2021-10-14 00:00:00.000,2021-10-14 13:28:20.473,1.18,0.0072,84.03,77.39,0,0,0,0,0,0,DRI,0
3170,N,2021-10-14 00:00:00.000,2021-10-14 13:28:20.417,0,0,0,0,1.59,5.68,1.78,89.17,0,1,LIME,0
3171,N,2021-10-14 00:00:00.000,2021-10-14 13:28:20.373,0,0,0,0,1.52,5.23,30.28,61.47,0,2,DOLO,0
3172,N,2021-10-14 00:00:00.000,2021-10-14 13:28:20.340,0,0,0,0,1.6,14.96,1.76,79.8,0,3,LIME,0
3173,N,2021-10-14 00:00:00.000,2021-10-14 13:28:20.307,0,0,0,0,1.58,6.8,1.72,88.05,0,4,LIME,0
3174,N,2021-10-14 00:00:00.000,2021-10-14 13:28:20.273,1.26,0.0067,84.02,77.21,0,0,0,0,0,0,DRI,0
3175,N,2021-10-14 00:00:00.000,2021-10-14 13:28:20.240,1.21,0.0081,83.88,76.82,0,0,0,0,0,0,DRI,0
3176,N,2021-10-14 00:00:00.000,2021-10-14 13:28:20.197,1.18,0.0076,84.12,77.17,0,0,0,0,0,0,DRI,0
